epoch,learning_rate,loss,ber,fer,train_time_seconds,is_best_loss
1,0.0001,0.169,0.0555,0.695,61.94643187522888,True
2,0.0001,0.122,0.0415,0.512,67.7903356552124,True
3,0.0001,0.109,0.0379,0.472,69.98261618614197,True
4,0.0001,0.0988,0.0353,0.451,70.26514506340027,True
5,0.0001,0.0913,0.0333,0.433,70.27734422683716,True
6,0.0001,0.0857,0.0318,0.413,70.49979710578918,True
7,0.0001,0.0797,0.0298,0.39,70.55025386810303,True
8,0.0001,0.0754,0.0284,0.368,70.62106537818909,True
9,9.99e-05,0.0702,0.0266,0.34,70.41147875785828,True
10,9.99e-05,0.0647,0.0245,0.313,70.26382684707642,True
11,9.99e-05,0.0614,0.0233,0.292,70.31544423103333,True
12,9.99e-05,0.0584,0.0222,0.274,70.04779267311096,True
13,9.99e-05,0.0557,0.0213,0.26,69.88850665092468,True
14,9.98e-05,0.0538,0.0206,0.248,70.53694891929626,True
15,9.98e-05,0.0524,0.0201,0.241,70.64088678359985,True
16,9.98e-05,0.0508,0.0195,0.23,70.01800465583801,True
17,9.98e-05,0.0497,0.0191,0.223,70.57646059989929,True
18,9.97e-05,0.0487,0.0187,0.215,70.795654296875,True
19,9.97e-05,0.0475,0.0182,0.207,70.54641938209534,True
20,9.96e-05,0.0465,0.0178,0.201,70.67746019363403,True
21,9.96e-05,0.0458,0.0176,0.195,70.63815593719482,True
22,9.96e-05,0.0444,0.017,0.187,70.34518003463745,True
23,9.95e-05,0.0444,0.0171,0.186,70.26694941520691,False
24,9.95e-05,0.0434,0.0168,0.182,70.35391879081726,True
25,9.94e-05,0.043,0.0167,0.178,70.33295035362244,True
26,9.94e-05,0.0422,0.0163,0.175,70.65532350540161,True
27,9.93e-05,0.0423,0.0165,0.175,70.2519896030426,False
28,9.93e-05,0.0413,0.0161,0.17,70.30870008468628,True
29,9.92e-05,0.0402,0.0156,0.165,70.14140033721924,True
30,9.92e-05,0.0405,0.0159,0.165,70.50756931304932,False
31,9.91e-05,0.0399,0.0157,0.162,70.13604927062988,True
32,9.91e-05,0.0394,0.0154,0.159,69.97106552124023,True
33,9.9e-05,0.0388,0.0153,0.156,70.59439086914062,True
34,9.89e-05,0.0388,0.0153,0.155,70.57920837402344,False
35,9.89e-05,0.0381,0.0151,0.154,70.76144123077393,True
36,9.88e-05,0.0385,0.0153,0.155,69.98766136169434,False
37,9.87e-05,0.0377,0.015,0.152,70.08173704147339,True
38,9.87e-05,0.037,0.0147,0.147,70.41680860519409,True
39,9.86e-05,0.0368,0.0147,0.149,70.21554493904114,True
40,9.85e-05,0.0368,0.0147,0.146,70.23371648788452,False
41,9.84e-05,0.0365,0.0146,0.146,70.60281205177307,True
42,9.84e-05,0.0363,0.0145,0.144,70.35523390769958,True
43,9.83e-05,0.0362,0.0145,0.145,69.9900872707367,True
44,9.82e-05,0.0359,0.0144,0.143,70.62472939491272,True
45,9.81e-05,0.0354,0.0142,0.142,70.70706725120544,True
46,9.8e-05,0.0354,0.0142,0.141,70.39643692970276,False
47,9.79e-05,0.0353,0.0141,0.139,70.3756628036499,True
48,9.79e-05,0.0353,0.0141,0.139,70.33680605888367,False
49,9.78e-05,0.0352,0.0141,0.14,70.22425270080566,True
50,9.77e-05,0.0347,0.0139,0.138,70.7216944694519,True
51,9.76e-05,0.0346,0.0138,0.137,70.44162011146545,True
52,9.75e-05,0.0348,0.0139,0.138,70.1155059337616,False
53,9.74e-05,0.0342,0.0137,0.134,69.9641215801239,True
54,9.73e-05,0.0342,0.0137,0.135,70.33233523368835,False
55,9.72e-05,0.0346,0.0139,0.136,70.47135210037231,False
56,9.71e-05,0.0337,0.0135,0.134,70.04040455818176,True
57,9.7e-05,0.034,0.0136,0.133,70.59412813186646,False
58,9.69e-05,0.0337,0.0136,0.133,70.1306083202362,False
59,9.67e-05,0.0336,0.0135,0.132,69.77119588851929,True
60,9.66e-05,0.0333,0.0133,0.13,70.3102674484253,True
61,9.65e-05,0.0336,0.0135,0.131,70.27725172042847,False
62,9.64e-05,0.0331,0.0132,0.129,70.40702867507935,True
63,9.63e-05,0.0336,0.0135,0.13,70.31297612190247,False
64,9.62e-05,0.0327,0.0131,0.128,69.91197609901428,True
65,9.61e-05,0.0328,0.0132,0.128,70.29246973991394,False
66,9.59e-05,0.0328,0.0132,0.127,70.4322874546051,False
67,9.58e-05,0.0326,0.0131,0.127,69.96169638633728,True
68,9.57e-05,0.0324,0.013,0.126,70.19564604759216,True
69,9.56e-05,0.0319,0.0128,0.124,70.37555265426636,True
70,9.54e-05,0.033,0.0133,0.127,69.99632501602173,False
71,9.53e-05,0.0323,0.0129,0.124,70.56048822402954,False
72,9.52e-05,0.0324,0.013,0.125,70.09041595458984,False
73,9.5e-05,0.0318,0.0128,0.123,70.15007591247559,True
74,9.49e-05,0.032,0.0129,0.123,70.37192106246948,False
75,9.47e-05,0.032,0.0129,0.124,70.21865129470825,False
76,9.46e-05,0.0325,0.0131,0.125,70.12929487228394,False
77,9.45e-05,0.0323,0.013,0.124,70.62394952774048,False
78,9.43e-05,0.0316,0.0127,0.122,70.67568683624268,True
79,9.42e-05,0.0315,0.0127,0.121,70.4823989868164,True
80,9.4e-05,0.0315,0.0127,0.122,70.60618901252747,False
81,9.39e-05,0.0316,0.0127,0.121,70.44013142585754,False
82,9.37e-05,0.0313,0.0126,0.12,69.8958067893982,True
83,9.36e-05,0.0315,0.0126,0.121,70.67894721031189,False
84,9.34e-05,0.0315,0.0127,0.121,70.22275471687317,False
85,9.33e-05,0.0315,0.0127,0.121,69.79604315757751,False
86,9.31e-05,0.0318,0.0128,0.121,70.08347129821777,False
87,9.29e-05,0.0308,0.0124,0.118,70.48328113555908,True
88,9.28e-05,0.0308,0.0124,0.117,70.7372817993164,False
89,9.26e-05,0.0313,0.0126,0.12,70.4735689163208,False
90,9.25e-05,0.0311,0.0125,0.119,70.47096371650696,False
91,9.23e-05,0.031,0.0125,0.118,70.5578191280365,False
92,9.21e-05,0.0309,0.0124,0.117,70.58413505554199,False
93,9.2e-05,0.0311,0.0125,0.118,69.80465173721313,False
94,9.18e-05,0.0305,0.0123,0.117,69.7480058670044,True
95,9.16e-05,0.0309,0.0124,0.117,70.4290099143982,False
96,9.14e-05,0.0308,0.0125,0.117,70.48039889335632,False
97,9.13e-05,0.0306,0.0124,0.116,70.40787935256958,False
98,9.11e-05,0.031,0.0125,0.118,70.07700037956238,False
99,9.09e-05,0.0309,0.0125,0.117,70.03219223022461,False
100,9.07e-05,0.0307,0.0124,0.116,70.28903341293335,False
101,9.05e-05,0.0309,0.0125,0.117,70.38287663459778,False
102,9.04e-05,0.0308,0.0124,0.116,70.47894668579102,False
103,9.02e-05,0.0305,0.0123,0.115,70.39032435417175,False
104,9e-05,0.0308,0.0125,0.116,70.11627554893494,False
105,8.98e-05,0.03,0.0121,0.114,70.0052855014801,True
106,8.96e-05,0.0307,0.0125,0.116,70.2336916923523,False
107,8.94e-05,0.03,0.0122,0.113,70.60622978210449,False
108,8.92e-05,0.0304,0.0123,0.115,70.05852389335632,False
109,8.9e-05,0.03,0.0121,0.114,70.12149810791016,False
110,8.88e-05,0.0307,0.0124,0.116,70.58269333839417,False
111,8.86e-05,0.0302,0.0122,0.114,70.0079026222229,False
112,8.84e-05,0.0298,0.012,0.113,70.50565934181213,True
113,8.82e-05,0.0303,0.0123,0.114,70.17710733413696,False
114,8.8e-05,0.0299,0.0121,0.112,69.84731769561768,False
115,8.78e-05,0.03,0.0121,0.114,70.33973860740662,False
116,8.76e-05,0.0295,0.0119,0.112,70.368971824646,True
117,8.74e-05,0.0299,0.0121,0.113,70.35454249382019,False
118,8.72e-05,0.03,0.0121,0.113,70.40303778648376,False
119,8.7e-05,0.0299,0.012,0.112,70.43993782997131,False
120,8.68e-05,0.0295,0.0119,0.112,70.01837396621704,False
121,8.66e-05,0.0299,0.0121,0.112,70.49550700187683,False
122,8.64e-05,0.0295,0.0119,0.111,70.52290391921997,False
123,8.62e-05,0.0297,0.012,0.111,70.39732503890991,False
124,8.59e-05,0.0299,0.012,0.112,69.90796995162964,False
125,8.57e-05,0.0289,0.0117,0.109,70.29155397415161,True
126,8.55e-05,0.0301,0.0122,0.113,70.46970653533936,False
127,8.53e-05,0.0295,0.012,0.111,70.22955918312073,False
128,8.51e-05,0.0294,0.012,0.111,70.75753974914551,False
129,8.48e-05,0.0296,0.012,0.111,70.17219996452332,False
130,8.46e-05,0.0297,0.012,0.112,70.06526827812195,False
131,8.44e-05,0.0295,0.0119,0.111,70.16822838783264,False
132,8.42e-05,0.0298,0.012,0.112,70.4804859161377,False
133,8.39e-05,0.0295,0.0119,0.111,70.3289384841919,False
134,8.37e-05,0.0292,0.0118,0.109,70.4466643333435,False
135,8.35e-05,0.0298,0.012,0.112,70.52830410003662,False
136,8.32e-05,0.0292,0.0119,0.11,70.65236926078796,False
137,8.3e-05,0.0292,0.0118,0.109,70.16249990463257,False
138,8.28e-05,0.0291,0.0117,0.109,69.94005274772644,False
139,8.25e-05,0.0293,0.0119,0.11,70.1900749206543,False
140,8.23e-05,0.0293,0.0119,0.11,70.32523274421692,False
141,8.21e-05,0.0295,0.012,0.111,70.60309386253357,False
142,8.18e-05,0.0293,0.0119,0.11,70.7645046710968,False
143,8.16e-05,0.0291,0.0117,0.109,70.56074047088623,False
144,8.13e-05,0.0289,0.0117,0.109,70.3002872467041,False
145,8.11e-05,0.0292,0.0118,0.109,70.6755542755127,False
146,8.08e-05,0.0295,0.0119,0.11,70.17442059516907,False
147,8.06e-05,0.0295,0.0119,0.11,70.69158959388733,False
148,8.03e-05,0.0291,0.0118,0.109,70.26242446899414,False
149,8.01e-05,0.029,0.0118,0.108,70.49865412712097,False
150,7.98e-05,0.0292,0.0118,0.109,70.14335489273071,False
151,7.96e-05,0.0291,0.0118,0.109,70.70715928077698,False
152,7.93e-05,0.0291,0.0118,0.11,70.60308814048767,False
153,7.91e-05,0.0286,0.0116,0.107,70.37497806549072,True
154,7.88e-05,0.0289,0.0117,0.107,70.57347798347473,False
155,7.86e-05,0.0293,0.0119,0.11,70.53646039962769,False
156,7.83e-05,0.0293,0.0118,0.109,70.52815628051758,False
157,7.81e-05,0.029,0.0118,0.108,70.4025571346283,False
158,7.78e-05,0.0292,0.0119,0.11,70.10824298858643,False
159,7.75e-05,0.029,0.0118,0.109,70.08181762695312,False
160,7.73e-05,0.0289,0.0117,0.109,69.97250461578369,False
161,7.7e-05,0.0285,0.0116,0.107,70.48754405975342,True
162,7.68e-05,0.0289,0.0117,0.108,70.44456195831299,False
163,7.65e-05,0.0288,0.0116,0.107,70.42954754829407,False
164,7.62e-05,0.0296,0.012,0.11,70.43518233299255,False
165,7.6e-05,0.0292,0.0118,0.109,70.26714539527893,False
166,7.57e-05,0.0288,0.0116,0.108,70.2802484035492,False
167,7.54e-05,0.0288,0.0117,0.108,70.59445905685425,False
168,7.52e-05,0.0284,0.0115,0.106,70.2211103439331,True
169,7.49e-05,0.0289,0.0118,0.108,70.2967541217804,False
170,7.46e-05,0.0289,0.0117,0.108,70.37905788421631,False
171,7.43e-05,0.0288,0.0117,0.107,70.05282306671143,False
172,7.41e-05,0.0288,0.0117,0.108,70.60052275657654,False
173,7.38e-05,0.029,0.0118,0.107,70.38659167289734,False
174,7.35e-05,0.0287,0.0117,0.107,70.38093614578247,False
175,7.32e-05,0.0284,0.0116,0.106,70.29947113990784,False
176,7.3e-05,0.0283,0.0115,0.105,69.9791088104248,True
177,7.27e-05,0.0287,0.0117,0.107,70.10203194618225,False
178,7.24e-05,0.0281,0.0114,0.105,70.36622500419617,True
179,7.21e-05,0.0284,0.0115,0.106,70.45661568641663,False
180,7.19e-05,0.0281,0.0114,0.105,70.36606788635254,False
181,7.16e-05,0.0288,0.0117,0.108,70.2181749343872,False
182,7.13e-05,0.0287,0.0116,0.107,70.31329131126404,False
183,7.1e-05,0.0288,0.0117,0.107,70.45884919166565,False
184,7.07e-05,0.0287,0.0116,0.106,70.49065566062927,False
185,7.04e-05,0.0288,0.0117,0.107,70.67667150497437,False
186,7.02e-05,0.0284,0.0116,0.105,70.40441656112671,False
187,6.99e-05,0.0286,0.0116,0.106,70.3050525188446,False
188,6.96e-05,0.0284,0.0115,0.105,70.49791216850281,False
189,6.93e-05,0.0285,0.0116,0.106,70.36072278022766,False
190,6.9e-05,0.0284,0.0116,0.105,70.45173120498657,False
191,6.87e-05,0.0284,0.0115,0.106,70.35693979263306,False
192,6.84e-05,0.0286,0.0116,0.106,70.48387360572815,False
193,6.81e-05,0.0282,0.0115,0.104,70.37061095237732,False
194,6.79e-05,0.0279,0.0114,0.104,70.7605447769165,True
195,6.76e-05,0.0284,0.0116,0.105,70.30513787269592,False
196,6.73e-05,0.0285,0.0117,0.106,70.24800133705139,False
197,6.7e-05,0.028,0.0114,0.104,70.36926341056824,False
198,6.67e-05,0.0291,0.0118,0.107,70.1693742275238,False
199,6.64e-05,0.0284,0.0115,0.105,70.2611289024353,False
200,6.61e-05,0.0288,0.0117,0.107,70.2051112651825,False
201,6.58e-05,0.0287,0.0116,0.106,70.3463077545166,False
202,6.55e-05,0.0286,0.0116,0.106,70.53442549705505,False
203,6.52e-05,0.028,0.0113,0.104,70.47184252738953,False
204,6.49e-05,0.0281,0.0115,0.105,70.0003809928894,False
205,6.46e-05,0.0276,0.0112,0.103,70.35345268249512,True
206,6.43e-05,0.0284,0.0115,0.105,70.71945452690125,False
207,6.4e-05,0.0277,0.0113,0.103,70.4095389842987,False
208,6.37e-05,0.0278,0.0113,0.104,70.29866099357605,False
209,6.34e-05,0.028,0.0114,0.105,70.29724764823914,False
210,6.31e-05,0.0275,0.0111,0.102,70.39886474609375,True
211,6.28e-05,0.028,0.0114,0.104,70.72381973266602,False
212,6.25e-05,0.0284,0.0115,0.105,70.21446394920349,False
213,6.22e-05,0.0278,0.0113,0.103,69.99803256988525,False
214,6.19e-05,0.0279,0.0114,0.103,70.55494499206543,False
215,6.16e-05,0.0281,0.0114,0.104,70.45443487167358,False
216,6.13e-05,0.028,0.0114,0.104,70.07827520370483,False
217,6.1e-05,0.0279,0.0113,0.104,70.76448392868042,False
218,6.07e-05,0.0284,0.0115,0.105,70.31567907333374,False
219,6.04e-05,0.0279,0.0114,0.104,70.09043216705322,False
220,6.01e-05,0.0281,0.0114,0.105,70.09645819664001,False
221,5.98e-05,0.0279,0.0113,0.103,70.1968355178833,False
222,5.95e-05,0.0279,0.0114,0.103,70.0713541507721,False
223,5.92e-05,0.0281,0.0114,0.103,70.21911358833313,False
224,5.89e-05,0.0283,0.0115,0.104,70.04158663749695,False
225,5.86e-05,0.0284,0.0115,0.105,70.54804539680481,False
226,5.82e-05,0.0283,0.0115,0.105,70.38334035873413,False
227,5.79e-05,0.0286,0.0116,0.105,70.6157374382019,False
228,5.76e-05,0.028,0.0113,0.103,70.71669125556946,False
229,5.73e-05,0.0279,0.0113,0.103,70.1317138671875,False
230,5.7e-05,0.0278,0.0113,0.103,70.36813974380493,False
231,5.67e-05,0.0278,0.0113,0.103,70.52949500083923,False
232,5.64e-05,0.028,0.0114,0.104,69.97617483139038,False
233,5.61e-05,0.0278,0.0114,0.103,70.70122170448303,False
234,5.58e-05,0.028,0.0114,0.103,70.14324355125427,False
235,5.55e-05,0.0281,0.0114,0.103,70.1509006023407,False
236,5.52e-05,0.0278,0.0113,0.103,70.48460054397583,False
237,5.48e-05,0.0281,0.0114,0.104,70.76306748390198,False
238,5.45e-05,0.0276,0.0112,0.102,70.14348196983337,False
239,5.42e-05,0.028,0.0114,0.104,70.52215051651001,False
240,5.39e-05,0.0276,0.0112,0.101,70.61784076690674,False
241,5.36e-05,0.028,0.0114,0.103,69.98573184013367,False
242,5.33e-05,0.0274,0.0111,0.101,70.3027081489563,True
243,5.3e-05,0.0277,0.0113,0.102,70.6474039554596,False
244,5.27e-05,0.0279,0.0114,0.103,70.22193193435669,False
245,5.24e-05,0.0272,0.0111,0.1,69.99971318244934,True
246,5.21e-05,0.0276,0.0113,0.102,70.47329592704773,False
247,5.17e-05,0.0272,0.0111,0.102,70.70856428146362,False
248,5.14e-05,0.0276,0.0112,0.101,70.34373593330383,False
249,5.11e-05,0.0276,0.0112,0.101,70.31583547592163,False
250,5.08e-05,0.0277,0.0113,0.102,70.57732248306274,False
251,5.05e-05,0.0272,0.0111,0.1,70.90891599655151,False
252,5.02e-05,0.0272,0.0111,0.101,70.19412159919739,False
253,4.99e-05,0.0276,0.0113,0.102,70.88363194465637,False
254,4.96e-05,0.0275,0.0112,0.101,70.54596400260925,False
255,4.93e-05,0.0279,0.0114,0.103,70.24098610877991,False
256,4.89e-05,0.0271,0.0111,0.101,70.1584243774414,True
257,4.86e-05,0.0278,0.0113,0.102,70.41106081008911,False
258,4.83e-05,0.0278,0.0113,0.103,70.35501098632812,False
259,4.8e-05,0.0278,0.0113,0.103,70.40364336967468,False
260,4.77e-05,0.0273,0.0111,0.1,70.69374942779541,False
261,4.74e-05,0.0275,0.0112,0.102,70.61819672584534,False
262,4.71e-05,0.028,0.0114,0.103,70.35403418540955,False
263,4.68e-05,0.0273,0.0111,0.101,70.16568446159363,False
264,4.65e-05,0.0275,0.0112,0.101,70.32018947601318,False
265,4.62e-05,0.0275,0.0112,0.102,70.8280303478241,False
266,4.58e-05,0.0277,0.0112,0.101,70.87426042556763,False
267,4.55e-05,0.0276,0.0112,0.102,70.90132403373718,False
268,4.52e-05,0.0274,0.0112,0.101,70.78030562400818,False
269,4.49e-05,0.028,0.0114,0.103,70.50438690185547,False
270,4.46e-05,0.0274,0.0111,0.101,70.40303134918213,False
271,4.43e-05,0.0275,0.0112,0.101,70.52720522880554,False
272,4.4e-05,0.0271,0.011,0.101,70.04665803909302,False
273,4.37e-05,0.0275,0.0112,0.101,70.12442922592163,False
274,4.34e-05,0.0276,0.0112,0.102,70.1288115978241,False
275,4.31e-05,0.0274,0.0112,0.101,70.38691210746765,False
276,4.28e-05,0.0276,0.0113,0.102,70.50023460388184,False
277,4.24e-05,0.0274,0.0112,0.101,70.46741223335266,False
278,4.21e-05,0.0277,0.0113,0.102,70.5459463596344,False
279,4.18e-05,0.0276,0.0112,0.101,70.66021537780762,False
280,4.15e-05,0.0272,0.011,0.101,70.67388892173767,False
281,4.12e-05,0.0271,0.011,0.0993,70.60850143432617,False
282,4.09e-05,0.0272,0.0112,0.1,70.65857577323914,False
283,4.06e-05,0.0275,0.0112,0.102,70.65546011924744,False
284,4.03e-05,0.0273,0.0112,0.1,70.73615598678589,False
285,4e-05,0.0273,0.0111,0.1,70.72888374328613,False
286,3.97e-05,0.0278,0.0113,0.103,70.51612687110901,False
287,3.94e-05,0.0272,0.011,0.0992,70.61907958984375,False
288,3.91e-05,0.0272,0.0111,0.101,70.71092534065247,False
289,3.88e-05,0.0271,0.0111,0.1,70.70729517936707,False
290,3.85e-05,0.0274,0.0112,0.101,70.79106879234314,False
291,3.82e-05,0.0279,0.0114,0.102,70.47160172462463,False
292,3.79e-05,0.0279,0.0114,0.103,70.19062113761902,False
293,3.76e-05,0.027,0.011,0.0995,70.51802086830139,True
294,3.73e-05,0.0272,0.0111,0.1,70.05239653587341,False
295,3.7e-05,0.0274,0.0112,0.1,70.76989722251892,False
296,3.67e-05,0.027,0.011,0.0998,70.74890112876892,False
297,3.64e-05,0.0276,0.0113,0.102,70.67721581459045,False
298,3.61e-05,0.0277,0.0113,0.101,70.317307472229,False
299,3.58e-05,0.0277,0.0113,0.102,70.18828988075256,False
300,3.55e-05,0.0271,0.0111,0.0997,70.40231394767761,False
301,3.52e-05,0.0267,0.0109,0.0984,70.63827705383301,True
302,3.49e-05,0.0273,0.0111,0.1,70.70885348320007,False
303,3.46e-05,0.0271,0.011,0.0989,70.14038467407227,False
304,3.43e-05,0.0271,0.0111,0.1,70.05871677398682,False
305,3.4e-05,0.0273,0.0111,0.1,70.67538142204285,False
306,3.37e-05,0.0271,0.0111,0.0996,70.72903609275818,False
307,3.34e-05,0.027,0.011,0.0992,70.44411015510559,False
308,3.31e-05,0.0269,0.011,0.0988,70.28208112716675,False
309,3.29e-05,0.0272,0.0111,0.1,70.66957259178162,False
310,3.26e-05,0.0272,0.011,0.0992,70.73811507225037,False
311,3.23e-05,0.0268,0.011,0.099,70.2462260723114,False
312,3.2e-05,0.0271,0.011,0.0996,70.1209831237793,False
313,3.17e-05,0.0266,0.0109,0.0979,70.52915716171265,True
314,3.14e-05,0.0273,0.0112,0.1,70.77280282974243,False
315,3.11e-05,0.0268,0.0109,0.0986,70.78853344917297,False
316,3.08e-05,0.0273,0.0112,0.1,70.44223856925964,False
317,3.06e-05,0.0267,0.0109,0.0987,70.42110919952393,False
318,3.03e-05,0.0269,0.011,0.0989,70.48229432106018,False
319,3e-05,0.027,0.011,0.1,70.33578872680664,False
320,2.97e-05,0.0268,0.0109,0.0986,70.77581477165222,False
321,2.94e-05,0.0272,0.011,0.0993,70.84350728988647,False
322,2.91e-05,0.0268,0.0109,0.0984,70.39123272895813,False
323,2.89e-05,0.0271,0.011,0.0997,70.36830759048462,False
324,2.86e-05,0.0271,0.011,0.0994,70.53517532348633,False
325,2.83e-05,0.0269,0.0109,0.0984,70.10308480262756,False
326,2.8e-05,0.0271,0.0111,0.0999,70.49309992790222,False
327,2.78e-05,0.0269,0.011,0.0987,70.66678237915039,False
328,2.75e-05,0.0271,0.011,0.0994,70.65220904350281,False
329,2.72e-05,0.0272,0.0111,0.1,70.25788736343384,False
330,2.69e-05,0.0272,0.0111,0.1,69.91711807250977,False
331,2.67e-05,0.027,0.011,0.0995,70.30954813957214,False
332,2.64e-05,0.0271,0.011,0.0993,70.50418615341187,False
333,2.61e-05,0.027,0.011,0.0993,70.26535940170288,False
334,2.58e-05,0.0273,0.0111,0.1,70.83650588989258,False
335,2.56e-05,0.0266,0.0109,0.0978,70.12749910354614,False
336,2.53e-05,0.0266,0.0109,0.0981,69.96222496032715,False
337,2.5e-05,0.0268,0.0109,0.0982,70.47384715080261,False
338,2.48e-05,0.0266,0.0109,0.0983,70.06395626068115,False
339,2.45e-05,0.0269,0.011,0.0985,70.67769598960876,False
340,2.42e-05,0.0264,0.0108,0.0979,70.53264927864075,True
341,2.4e-05,0.0266,0.0108,0.0976,70.41110587120056,False
342,2.37e-05,0.0264,0.0108,0.0969,70.40879559516907,False
343,2.35e-05,0.0272,0.0112,0.0993,70.0263090133667,False
344,2.32e-05,0.0268,0.011,0.0987,70.19911742210388,False
345,2.29e-05,0.0268,0.0109,0.0984,70.61735200881958,False
346,2.27e-05,0.0266,0.0109,0.0983,70.52505302429199,False
347,2.24e-05,0.0266,0.0109,0.0975,70.22114062309265,False
348,2.22e-05,0.0271,0.0111,0.0991,70.1022047996521,False
349,2.19e-05,0.0267,0.0109,0.0984,70.15989971160889,False
350,2.17e-05,0.0268,0.0109,0.0989,70.56050992012024,False
351,2.14e-05,0.027,0.011,0.099,70.83111763000488,False
352,2.12e-05,0.0267,0.0109,0.0982,70.51341080665588,False
353,2.09e-05,0.0272,0.0111,0.0999,70.11510872840881,False
354,2.07e-05,0.0273,0.0111,0.0994,70.45752143859863,False
355,2.04e-05,0.0271,0.0111,0.0994,70.20605278015137,False
356,2.02e-05,0.0268,0.011,0.0979,69.9800705909729,False
357,1.99e-05,0.0267,0.0109,0.0985,70.61709117889404,False
358,1.97e-05,0.0268,0.0109,0.0979,70.12674355506897,False
359,1.94e-05,0.0271,0.0111,0.0997,70.33281350135803,False
360,1.92e-05,0.0271,0.011,0.0994,70.81924319267273,False
361,1.89e-05,0.0267,0.0109,0.0978,70.21956777572632,False
362,1.87e-05,0.0271,0.0111,0.0996,70.57951164245605,False
363,1.85e-05,0.0269,0.011,0.0991,70.30875849723816,False
364,1.82e-05,0.0268,0.0109,0.0988,70.20271110534668,False
365,1.8e-05,0.0268,0.011,0.098,70.47225594520569,False
366,1.78e-05,0.0271,0.011,0.0984,70.45337128639221,False
367,1.75e-05,0.0268,0.0109,0.0982,70.53506588935852,False
368,1.73e-05,0.0266,0.0109,0.0973,70.34761190414429,False
369,1.71e-05,0.0265,0.0108,0.0974,70.31331324577332,False
370,1.68e-05,0.0262,0.0107,0.0966,70.13918495178223,True
371,1.66e-05,0.0271,0.0111,0.0992,70.32856273651123,False
372,1.64e-05,0.0271,0.0111,0.0992,70.60832238197327,False
373,1.62e-05,0.0266,0.0109,0.0974,70.6301097869873,False
374,1.59e-05,0.0271,0.0111,0.0992,70.11204767227173,False
375,1.57e-05,0.0267,0.0109,0.0977,70.17796564102173,False
376,1.55e-05,0.0269,0.011,0.0984,70.37537455558777,False
377,1.53e-05,0.0271,0.0111,0.0994,70.486656665802,False
378,1.51e-05,0.0269,0.011,0.0986,70.59909200668335,False
379,1.48e-05,0.0263,0.0107,0.0969,70.0405375957489,False
380,1.46e-05,0.0265,0.0108,0.0972,70.16273045539856,False
381,1.44e-05,0.0264,0.0108,0.0964,69.9684476852417,False
382,1.42e-05,0.0266,0.0109,0.0974,70.21668362617493,False
383,1.4e-05,0.0259,0.0106,0.0961,70.60484147071838,True
384,1.38e-05,0.0266,0.0109,0.0978,70.076495885849,False
385,1.36e-05,0.0268,0.0109,0.0985,69.99203824996948,False
386,1.34e-05,0.0264,0.0108,0.0969,70.00204038619995,False
387,1.32e-05,0.0261,0.0107,0.0965,70.25071024894714,False
388,1.3e-05,0.0265,0.0109,0.0973,70.63411831855774,False
389,1.28e-05,0.0268,0.0109,0.0988,70.3227813243866,False
390,1.26e-05,0.0271,0.0111,0.0988,69.96231865882874,False
391,1.24e-05,0.0269,0.0111,0.0991,69.97155117988586,False
392,1.22e-05,0.0267,0.0109,0.0982,70.6256947517395,False
393,1.2e-05,0.0264,0.0108,0.0973,70.46703267097473,False
394,1.18e-05,0.0266,0.0108,0.0981,69.87121605873108,False
395,1.16e-05,0.0264,0.0108,0.0966,70.53076934814453,False
396,1.14e-05,0.0268,0.0109,0.0981,70.01442456245422,False
397,1.12e-05,0.0265,0.0109,0.0976,70.52924418449402,False
398,1.1e-05,0.0264,0.0108,0.0968,70.01999878883362,False
399,1.08e-05,0.0268,0.011,0.0983,70.56206822395325,False
400,1.06e-05,0.0264,0.0108,0.0965,70.80767154693604,False
401,1.05e-05,0.0266,0.0109,0.0973,70.35974264144897,False
402,1.03e-05,0.0269,0.011,0.0994,70.22815155982971,False
403,1.01e-05,0.0266,0.0109,0.097,70.28528952598572,False
404,9.91e-06,0.027,0.0111,0.0985,70.24892067909241,False
405,9.74e-06,0.0263,0.0107,0.097,70.4567768573761,False
406,9.56e-06,0.0267,0.0109,0.0976,70.67836689949036,False
407,9.39e-06,0.0265,0.0108,0.0971,70.37791275978088,False
408,9.21e-06,0.0264,0.0108,0.0967,70.33535814285278,False
409,9.04e-06,0.0264,0.0108,0.0973,69.84511661529541,False
410,8.87e-06,0.0269,0.0109,0.0984,69.89556431770325,False
411,8.71e-06,0.0269,0.011,0.0982,70.67042779922485,False
412,8.54e-06,0.0264,0.0108,0.0967,70.78583121299744,False
413,8.38e-06,0.0266,0.0109,0.0974,70.22949433326721,False
414,8.21e-06,0.0264,0.0108,0.0969,70.8466317653656,False
415,8.05e-06,0.0265,0.0109,0.0975,70.51190519332886,False
416,7.89e-06,0.026,0.0106,0.0952,70.1892819404602,False
417,7.74e-06,0.0266,0.0109,0.0974,70.2558057308197,False
418,7.58e-06,0.0269,0.011,0.0975,70.56025075912476,False
419,7.43e-06,0.0264,0.0107,0.0965,70.24801754951477,False
420,7.27e-06,0.0266,0.0108,0.0968,70.50851702690125,False
421,7.12e-06,0.0264,0.0108,0.0965,70.00637984275818,False
422,6.97e-06,0.0263,0.0107,0.0961,70.0773274898529,False
423,6.83e-06,0.0266,0.0108,0.0972,69.85579705238342,False
424,6.68e-06,0.0265,0.0109,0.0967,70.21248984336853,False
425,6.54e-06,0.0266,0.0109,0.0981,70.58353781700134,False
426,6.4e-06,0.0265,0.0109,0.0974,70.28713798522949,False
427,6.25e-06,0.0262,0.0107,0.0963,70.14360213279724,False
428,6.12e-06,0.0268,0.011,0.0985,70.65119409561157,False
429,5.98e-06,0.0265,0.0108,0.0968,70.48951244354248,False
430,5.84e-06,0.0261,0.0107,0.096,70.1238763332367,False
431,5.71e-06,0.0265,0.0109,0.097,70.19043922424316,False
432,5.58e-06,0.0268,0.011,0.0979,70.63227367401123,False
433,5.45e-06,0.0263,0.0108,0.0967,70.03928089141846,False
434,5.32e-06,0.0268,0.0109,0.0979,70.56675219535828,False
435,5.2e-06,0.026,0.0106,0.0952,69.99784660339355,False
436,5.07e-06,0.0265,0.0108,0.0967,70.56126570701599,False
437,4.95e-06,0.0263,0.0108,0.0967,69.8073832988739,False
438,4.83e-06,0.0261,0.0106,0.0958,70.42584538459778,False
439,4.71e-06,0.0261,0.0106,0.0952,70.33884835243225,False
440,4.59e-06,0.0266,0.0109,0.0968,70.02278161048889,False
441,4.48e-06,0.0263,0.0108,0.0963,70.09535360336304,False
442,4.36e-06,0.0265,0.0109,0.0967,70.14810848236084,False
443,4.25e-06,0.0263,0.0108,0.0963,70.60175132751465,False
444,4.14e-06,0.0267,0.0109,0.0976,70.64636540412903,False
445,4.03e-06,0.0266,0.0109,0.097,70.53989887237549,False
446,3.93e-06,0.0262,0.0107,0.0961,70.51848340034485,False
447,3.82e-06,0.0263,0.0108,0.0959,70.03055262565613,False
448,3.72e-06,0.0261,0.0107,0.0954,69.83974480628967,False
449,3.62e-06,0.0259,0.0106,0.0952,69.81484913825989,False
450,3.52e-06,0.0264,0.0108,0.0968,69.85482430458069,False
451,3.42e-06,0.0261,0.0106,0.0959,70.01281309127808,False
452,3.33e-06,0.0267,0.0109,0.0974,70.04418230056763,False
453,3.23e-06,0.0262,0.0107,0.0951,70.31996202468872,False
454,3.14e-06,0.0267,0.0109,0.0977,70.184809923172,False
455,3.05e-06,0.0264,0.0109,0.0971,70.2422730922699,False
456,2.97e-06,0.0266,0.0109,0.0974,70.60661816596985,False
457,2.88e-06,0.0265,0.0109,0.0972,70.62629628181458,False
458,2.8e-06,0.0266,0.0109,0.0976,70.2256715297699,False
459,2.71e-06,0.0263,0.0108,0.0966,70.03044486045837,False
460,2.63e-06,0.0262,0.0107,0.0962,70.03811812400818,False
461,2.56e-06,0.0268,0.011,0.0975,70.08926367759705,False
462,2.48e-06,0.0261,0.0107,0.0953,70.20137619972229,False
463,2.4e-06,0.0263,0.0107,0.0965,70.3541157245636,False
464,2.33e-06,0.0264,0.0108,0.0965,70.58528137207031,False
465,2.26e-06,0.0267,0.0109,0.0967,70.13171482086182,False
466,2.19e-06,0.0264,0.0108,0.0977,69.95773506164551,False
467,2.13e-06,0.0263,0.0107,0.096,69.99774026870728,False
468,2.06e-06,0.0266,0.0109,0.0974,69.96676921844482,False
469,2e-06,0.0267,0.0109,0.0978,70.50018835067749,False
470,1.94e-06,0.0268,0.011,0.0979,70.22739219665527,False
471,1.88e-06,0.0264,0.0108,0.0967,70.11372900009155,False
472,1.82e-06,0.0262,0.0108,0.0959,70.64171528816223,False
473,1.76e-06,0.0265,0.0109,0.0966,70.57175421714783,False
474,1.71e-06,0.0266,0.0109,0.0968,70.13115406036377,False
475,1.66e-06,0.0261,0.0106,0.0954,70.04602789878845,False
476,1.61e-06,0.0264,0.0109,0.0977,70.1187174320221,False
477,1.56e-06,0.0265,0.0108,0.0968,70.79453945159912,False
478,1.52e-06,0.0265,0.0109,0.0964,70.10946822166443,False
479,1.47e-06,0.0262,0.0107,0.0963,70.69666004180908,False
480,1.43e-06,0.0263,0.0107,0.096,70.28813052177429,False
481,1.39e-06,0.0266,0.0109,0.0972,70.12615895271301,False
482,1.35e-06,0.0262,0.0107,0.0956,70.58839559555054,False
483,1.32e-06,0.0261,0.0107,0.0956,70.34108352661133,False
484,1.28e-06,0.0266,0.0109,0.0976,70.27274990081787,False
485,1.25e-06,0.0265,0.0109,0.0976,70.15227437019348,False
486,1.22e-06,0.0267,0.011,0.0978,70.5997085571289,False
487,1.19e-06,0.0264,0.0108,0.0965,70.33416295051575,False
488,1.17e-06,0.0264,0.0108,0.0965,70.45602869987488,False
489,1.14e-06,0.0264,0.0108,0.0971,70.56718969345093,False
490,1.12e-06,0.0263,0.0108,0.0962,70.69465637207031,False
491,1.1e-06,0.0262,0.0108,0.0962,70.38696503639221,False
492,1.08e-06,0.0256,0.0104,0.0943,70.29703283309937,True
493,1.06e-06,0.026,0.0106,0.0958,70.01990723609924,False
494,1.05e-06,0.0266,0.0109,0.0971,70.267897605896,False
495,1.04e-06,0.0264,0.0108,0.097,70.69523119926453,False
496,1.02e-06,0.0267,0.011,0.0976,70.2448320388794,False
497,1.02e-06,0.0266,0.011,0.0983,69.94677710533142,False
498,1.01e-06,0.026,0.0106,0.0957,70.04881691932678,False
499,1e-06,0.0265,0.0108,0.0966,70.38338804244995,False
500,1e-06,0.0265,0.0108,0.0971,70.57687139511108,False
