phase,epoch,batch,batches_per_epoch,lr,train_loss,train_ber,train_fer,epoch_time_s,cum_updates,cum_time_s
1,1,200,200,0.0001,0.456,0.232,0.934,12.981851577758789,200,12.981851577758789
1,2,200,200,0.0001,0.207,0.0542,0.829,11.97605013847351,400,24.9579017162323
1,3,200,200,0.0001,0.191,0.0537,0.825,12.070629119873047,600,37.02853083610535
1,4,200,200,0.0001,0.184,0.0536,0.826,12.09572696685791,800,49.12425780296326
1,5,200,200,0.0001,0.179,0.0536,0.824,12.302284955978394,1000,61.42654275894165
1,6,200,200,0.0001,0.171,0.0536,0.803,12.49565577507019,1200,73.92219853401184
1,7,200,200,9.99e-05,0.159,0.051,0.716,12.601693153381348,1400,86.52389168739319
1,8,200,200,9.99e-05,0.149,0.0487,0.646,12.784168720245361,1600,99.30806040763855
1,9,200,200,9.99e-05,0.141,0.0469,0.604,12.901583909988403,1800,112.20964431762695
1,10,200,200,9.99e-05,0.136,0.046,0.578,13.108931303024292,2000,125.31857562065125
1,11,200,200,9.98e-05,0.128,0.044,0.555,13.37708330154419,2200,138.69565892219543
1,12,200,200,9.98e-05,0.123,0.043,0.533,13.311918020248413,2400,152.00757694244385
1,13,200,200,9.98e-05,0.117,0.0414,0.515,12.945173501968384,2600,164.95275044441223
1,14,200,200,9.97e-05,0.114,0.0409,0.5,12.82567834854126,2800,177.7784287929535
1,15,200,200,9.97e-05,0.11,0.04,0.485,12.834442377090454,3000,190.61287117004395
1,16,200,200,9.97e-05,0.104,0.0384,0.47,13.022228479385376,3200,203.63509964942932
1,17,200,200,9.96e-05,0.101,0.0372,0.454,13.18786096572876,3400,216.82296061515808
1,18,200,200,9.96e-05,0.0953,0.0353,0.432,13.222024202346802,3600,230.04498481750488
1,19,200,200,9.95e-05,0.0932,0.0348,0.424,13.050900936126709,3800,243.0958857536316
1,20,200,200,9.94e-05,0.0898,0.0334,0.407,12.993511199951172,4000,256.08939695358276
1,21,200,200,9.94e-05,0.0862,0.032,0.393,13.034154891967773,4200,269.12355184555054
1,22,200,200,9.93e-05,0.0825,0.0309,0.379,13.11181354522705,4400,282.2353653907776
1,23,200,200,9.93e-05,0.08,0.0302,0.367,13.11235499382019,4600,295.3477203845978
1,24,200,200,9.92e-05,0.0763,0.0288,0.356,13.130450248718262,4800,308.47817063331604
1,25,200,200,9.91e-05,0.0742,0.0281,0.345,13.09674859046936,5000,321.5749192237854
1,26,200,200,9.9e-05,0.0735,0.0278,0.338,12.953357696533203,5200,334.5282769203186
1,27,200,200,9.9e-05,0.0716,0.0271,0.333,13.011439561843872,5400,347.5397164821625
1,28,200,200,9.89e-05,0.0703,0.0265,0.32,13.058079719543457,5600,360.59779620170593
1,29,200,200,9.88e-05,0.0706,0.0264,0.321,13.086952686309814,5800,373.68474888801575
1,30,200,200,9.87e-05,0.0687,0.0259,0.313,13.117787837982178,6000,386.8025367259979
1,31,200,200,9.86e-05,0.0663,0.025,0.307,13.13585638999939,6200,399.9383931159973
1,32,200,200,9.85e-05,0.0658,0.0248,0.303,13.041000127792358,6400,412.9793932437897
1,33,200,200,9.84e-05,0.0651,0.0244,0.298,13.088186264038086,6600,426.06757950782776
1,34,200,200,9.83e-05,0.0636,0.0239,0.29,13.107223749160767,6800,439.1748032569885
1,35,200,200,9.82e-05,0.0636,0.024,0.291,13.08997893333435,7000,452.2647821903229
1,36,200,200,9.81e-05,0.0628,0.0236,0.286,13.1360502243042,7200,465.4008324146271
1,37,200,200,9.8e-05,0.062,0.0232,0.282,13.111916542053223,7400,478.5127489566803
1,38,200,200,9.79e-05,0.0607,0.0228,0.275,13.091106653213501,7600,491.6038556098938
1,39,200,200,9.78e-05,0.0611,0.0231,0.278,13.074997901916504,7800,504.6788535118103
1,40,200,200,9.77e-05,0.0593,0.0223,0.268,13.07192087173462,8000,517.7507743835449
1,41,200,200,9.76e-05,0.0601,0.0226,0.271,13.063994884490967,8200,530.8147692680359
1,42,200,200,9.75e-05,0.0571,0.0215,0.263,12.994255781173706,8400,543.8090250492096
1,43,200,200,9.73e-05,0.0592,0.0223,0.267,13.024805784225464,8600,556.8338308334351
1,44,200,200,9.72e-05,0.0591,0.0223,0.263,13.017232179641724,8800,569.8510630130768
1,45,200,200,9.71e-05,0.0573,0.0216,0.259,12.992085933685303,9000,582.8431489467621
1,46,200,200,9.69e-05,0.0566,0.0213,0.254,13.012540578842163,9200,595.8556895256042
1,47,200,200,9.68e-05,0.0555,0.0208,0.253,13.038746118545532,9400,608.8944356441498
1,48,200,200,9.67e-05,0.0579,0.0218,0.253,13.076152801513672,9600,621.9705884456635
1,49,200,200,9.65e-05,0.0537,0.0202,0.242,13.10463261604309,9800,635.0752210617065
1,50,200,200,9.64e-05,0.055,0.0207,0.247,13.050883293151855,10000,648.1261043548584
1,51,200,200,9.62e-05,0.0543,0.0206,0.243,13.059006690979004,10200,661.1851110458374
1,52,200,200,9.61e-05,0.0525,0.0198,0.235,13.104400873184204,10400,674.2895119190216
1,53,200,200,9.59e-05,0.0528,0.0201,0.237,13.070963859558105,10600,687.3604757785797
1,54,200,200,9.58e-05,0.0542,0.0205,0.237,13.08162260055542,10800,700.4420983791351
1,55,200,200,9.56e-05,0.0523,0.0197,0.231,13.085233926773071,11000,713.5273323059082
1,56,200,200,9.55e-05,0.0522,0.0195,0.229,13.086641073226929,11200,726.6139733791351
1,57,200,200,9.53e-05,0.0536,0.0201,0.231,13.115626096725464,11400,739.7295994758606
1,58,200,200,9.51e-05,0.0506,0.0191,0.222,13.09334921836853,11600,752.8229486942291
1,59,200,200,9.5e-05,0.051,0.0193,0.221,13.110745668411255,11800,765.9336943626404
1,60,200,200,9.48e-05,0.0503,0.019,0.22,13.04961347579956,12000,778.9833078384399
1,61,200,200,9.46e-05,0.0503,0.0188,0.216,13.057409286499023,12200,792.040717124939
1,62,200,200,9.44e-05,0.0498,0.0189,0.214,13.06459379196167,12400,805.1053109169006
1,63,200,200,9.42e-05,0.0503,0.0189,0.215,13.093874216079712,12600,818.1991851329803
1,64,200,200,9.41e-05,0.0501,0.0189,0.215,13.087508916854858,12800,831.2866940498352
1,65,200,200,9.39e-05,0.05,0.0189,0.213,13.14982295036316,13000,844.4365170001984
1,66,200,200,9.37e-05,0.0484,0.0183,0.208,13.066396951675415,13200,857.5029139518738
1,67,200,200,9.35e-05,0.0495,0.0186,0.209,13.066198825836182,13400,870.56911277771
1,68,200,200,9.33e-05,0.0491,0.0185,0.211,13.020212888717651,13600,883.5893256664276
1,69,200,200,9.31e-05,0.048,0.0182,0.204,13.11902403831482,13800,896.7083497047424
1,70,200,200,9.29e-05,0.0483,0.0184,0.206,13.061365365982056,14000,909.7697150707245
1,71,200,200,9.27e-05,0.0463,0.0175,0.197,13.088751554489136,14200,922.8584666252136
1,72,200,200,9.25e-05,0.0459,0.0174,0.195,13.095153093338013,14400,935.9536197185516
1,73,200,200,9.23e-05,0.0462,0.0176,0.195,13.065439701080322,14600,949.019059419632
1,74,200,200,9.21e-05,0.0464,0.0177,0.196,12.981117725372314,14800,962.0001771450043
1,75,200,200,9.19e-05,0.0469,0.0178,0.197,13.059456825256348,15000,975.0596339702606
1,76,200,200,9.17e-05,0.0447,0.0169,0.187,12.993156671524048,15200,988.0527906417847
1,77,200,200,9.14e-05,0.0446,0.017,0.188,13.035534620285034,15400,1001.0883252620697
1,78,200,200,9.12e-05,0.0451,0.0172,0.192,13.104529619216919,15600,1014.1928548812866
1,79,200,200,9.1e-05,0.0466,0.0177,0.193,13.079132556915283,15800,1027.271987438202
1,80,200,200,9.08e-05,0.0457,0.0174,0.189,13.042481422424316,16000,1040.3144688606262
1,81,200,200,9.05e-05,0.0454,0.0173,0.189,12.99804139137268,16200,1053.312510251999
1,82,200,200,9.03e-05,0.0452,0.0171,0.188,13.097033739089966,16400,1066.4095439910889
1,83,200,200,9.01e-05,0.0451,0.0171,0.186,13.021679639816284,16600,1079.4312236309052
1,84,200,200,8.98e-05,0.044,0.0169,0.183,13.041359424591064,16800,1092.4725830554962
1,85,200,200,8.96e-05,0.0454,0.0173,0.185,13.062071561813354,17000,1105.5346546173096
1,86,200,200,8.94e-05,0.0424,0.0161,0.178,13.079137325286865,17200,1118.6137919425964
1,87,200,200,8.91e-05,0.0441,0.0167,0.182,12.900910139083862,17400,1131.5147020816803
1,88,200,200,8.89e-05,0.0447,0.0172,0.183,12.997255802154541,17600,1144.5119578838348
1,89,200,200,8.86e-05,0.0437,0.0168,0.18,12.945987701416016,17800,1157.4579455852509
1,90,200,200,8.84e-05,0.0436,0.0167,0.176,13.024487257003784,18000,1170.4824328422546
1,91,200,200,8.81e-05,0.0441,0.0169,0.181,13.066715955734253,18200,1183.549148797989
1,92,200,200,8.79e-05,0.0441,0.0169,0.179,13.119276523590088,18400,1196.668425321579
1,93,200,200,8.76e-05,0.043,0.0166,0.177,13.048198699951172,18600,1209.7166240215302
1,94,200,200,8.74e-05,0.044,0.017,0.181,13.032724380493164,18800,1222.7493484020233
1,95,200,200,8.71e-05,0.0411,0.0157,0.169,13.027436256408691,19000,1235.776784658432
1,96,200,200,8.68e-05,0.0421,0.0162,0.171,13.037068128585815,19200,1248.8138527870178
1,97,200,200,8.66e-05,0.0428,0.0163,0.173,13.016725778579712,19400,1261.8305785655975
1,98,200,200,8.63e-05,0.0419,0.0163,0.169,13.017525434494019,19600,1274.8481040000916
1,99,200,200,8.6e-05,0.0421,0.0162,0.172,13.03803825378418,19800,1287.8861422538757
1,100,200,200,8.58e-05,0.0413,0.0159,0.168,13.058886051177979,20000,1300.9450283050537
1,101,200,200,8.55e-05,0.0412,0.0158,0.168,13.063140869140625,20200,1314.0081691741943
1,102,200,200,8.52e-05,0.0416,0.0162,0.171,13.08005690574646,20400,1327.0882260799408
1,103,200,200,8.49e-05,0.0402,0.0155,0.166,13.0941903591156,20600,1340.1824164390564
1,104,200,200,8.47e-05,0.0415,0.0161,0.168,13.057303190231323,20800,1353.2397196292877
1,105,200,200,8.44e-05,0.0414,0.0159,0.168,12.988448858261108,21000,1366.2281684875488
1,106,200,200,8.41e-05,0.0422,0.0163,0.169,13.066206932067871,21200,1379.2943754196167
1,107,200,200,8.38e-05,0.0405,0.0157,0.164,13.057478666305542,21400,1392.3518540859222
1,108,200,200,8.35e-05,0.0411,0.0158,0.165,13.025321245193481,21600,1405.3771753311157
1,109,200,200,8.32e-05,0.0413,0.0159,0.166,12.939379930496216,21800,1418.316555261612
1,110,200,200,8.29e-05,0.0411,0.0158,0.166,12.95450234413147,22000,1431.2710576057434
1,111,200,200,8.26e-05,0.041,0.0159,0.165,12.997474193572998,22200,1444.2685317993164
1,112,200,200,8.24e-05,0.04,0.0154,0.16,13.01013970375061,22400,1457.278671503067
1,113,200,200,8.21e-05,0.0398,0.0154,0.163,13.080811023712158,22600,1470.3594825267792
1,114,200,200,8.18e-05,0.0398,0.0154,0.159,13.10235047340393,22800,1483.461833000183
1,115,200,200,8.14e-05,0.0404,0.0156,0.162,12.989577531814575,23000,1496.4514105319977
1,116,200,200,8.11e-05,0.0402,0.0155,0.16,12.925564765930176,23200,1509.3769752979279
1,117,200,200,8.08e-05,0.0393,0.0153,0.161,12.959258794784546,23400,1522.3362340927124
1,118,200,200,8.05e-05,0.0409,0.016,0.162,12.991776704788208,23600,1535.3280107975006
1,119,200,200,8.02e-05,0.0406,0.0158,0.164,13.053976774215698,23800,1548.3819875717163
1,120,200,200,7.99e-05,0.0401,0.0158,0.159,13.140825033187866,24000,1561.5228126049042
1,121,200,200,7.96e-05,0.0391,0.0151,0.157,13.1065514087677,24200,1574.6293640136719
1,122,200,200,7.93e-05,0.039,0.0152,0.157,12.974359035491943,24400,1587.6037230491638
1,123,200,200,7.9e-05,0.0378,0.0146,0.152,12.984875440597534,24600,1600.5885984897614
1,124,200,200,7.86e-05,0.0402,0.0156,0.16,12.982674598693848,24800,1613.5712730884552
1,125,200,200,7.83e-05,0.0393,0.0154,0.158,13.031009912490845,25000,1626.602283000946
1,126,200,200,7.8e-05,0.0391,0.0153,0.157,12.999717473983765,25200,1639.6020004749298
1,127,200,200,7.77e-05,0.0398,0.0156,0.159,13.005056142807007,25400,1652.6070566177368
1,128,200,200,7.74e-05,0.0391,0.0152,0.155,12.99400544166565,25600,1665.6010620594025
1,129,200,200,7.7e-05,0.039,0.0153,0.155,13.03082275390625,25800,1678.6318848133087
1,130,200,200,7.67e-05,0.0394,0.0155,0.156,13.060929298400879,26000,1691.6928141117096
1,131,200,200,7.64e-05,0.0386,0.0151,0.155,13.097858905792236,26200,1704.7906730175018
1,132,200,200,7.6e-05,0.0389,0.0152,0.154,13.069528102874756,26400,1717.8602011203766
1,133,200,200,7.57e-05,0.0393,0.0154,0.159,13.002805233001709,26600,1730.8630063533783
1,134,200,200,7.54e-05,0.0392,0.0154,0.157,12.994197845458984,26800,1743.8572041988373
1,135,200,200,7.5e-05,0.0395,0.0156,0.157,12.998540878295898,27000,1756.8557450771332
1,136,200,200,7.47e-05,0.0375,0.0147,0.149,13.04764175415039,27200,1769.9033868312836
1,137,200,200,7.43e-05,0.0381,0.015,0.153,13.038791179656982,27400,1782.9421780109406
1,138,200,200,7.4e-05,0.0386,0.0151,0.152,13.006855249404907,27600,1795.9490332603455
1,139,200,200,7.37e-05,0.0376,0.0148,0.151,13.007846593856812,27800,1808.9568798542023
1,140,200,200,7.33e-05,0.038,0.0147,0.15,13.004645109176636,28000,1821.961524963379
1,141,200,200,7.3e-05,0.0375,0.0147,0.15,13.03505253791809,28200,1834.996577501297
1,142,200,200,7.26e-05,0.0382,0.0151,0.151,12.9762122631073,28400,1847.9727897644043
1,143,200,200,7.23e-05,0.0378,0.0147,0.152,12.996660709381104,28600,1860.9694504737854
1,144,200,200,7.19e-05,0.0376,0.0148,0.15,13.026127338409424,28800,1873.9955778121948
1,145,200,200,7.16e-05,0.0374,0.0148,0.148,13.047090768814087,29000,1887.042668581009
1,146,200,200,7.12e-05,0.0384,0.0151,0.153,13.081156253814697,29200,1900.1238248348236
1,147,200,200,7.09e-05,0.0386,0.0151,0.152,13.034770250320435,29400,1913.158595085144
1,148,200,200,7.05e-05,0.0379,0.0149,0.149,13.135476112365723,29600,1926.2940711975098
1,149,200,200,7.02e-05,0.0376,0.0148,0.148,13.14785361289978,29800,1939.4419248104095
1,150,200,200,6.98e-05,0.0384,0.0152,0.152,13.07542872428894,30000,1952.5173535346985
1,151,200,200,6.94e-05,0.0372,0.0145,0.147,13.051231384277344,30200,1965.5685849189758
1,152,200,200,6.91e-05,0.0381,0.015,0.149,13.077676057815552,30400,1978.6462609767914
1,153,200,200,6.87e-05,0.0365,0.0144,0.144,13.1160569190979,30600,1991.7623178958893
1,154,200,200,6.84e-05,0.0366,0.0144,0.147,13.103800773620605,30800,2004.86611866951
1,155,200,200,6.8e-05,0.0369,0.0145,0.147,13.076327800750732,31000,2017.9424464702606
1,156,200,200,6.76e-05,0.0367,0.0146,0.146,13.008701086044312,31200,2030.951147556305
1,157,200,200,6.73e-05,0.0373,0.0147,0.147,12.996253967285156,31400,2043.94740152359
1,158,200,200,6.69e-05,0.0381,0.0149,0.148,13.020573616027832,31600,2056.967975139618
1,159,200,200,6.65e-05,0.037,0.0147,0.146,12.957013607025146,31800,2069.924988746643
1,160,200,200,6.62e-05,0.0368,0.0145,0.146,13.011911869049072,32000,2082.936900615692
1,161,200,200,6.58e-05,0.0371,0.0147,0.146,13.02579140663147,32200,2095.9626920223236
1,162,200,200,6.54e-05,0.0364,0.0143,0.145,13.014613151550293,32400,2108.977305173874
1,163,200,200,6.51e-05,0.0371,0.0147,0.145,13.03582215309143,32600,2122.0131273269653
1,164,200,200,6.47e-05,0.0366,0.0145,0.145,13.038078546524048,32800,2135.0512058734894
1,165,200,200,6.43e-05,0.0376,0.0149,0.147,12.991199016571045,33000,2148.0424048900604
1,166,200,200,6.39e-05,0.0365,0.0144,0.143,13.019422769546509,33200,2161.061827659607
1,167,200,200,6.36e-05,0.0363,0.0143,0.141,12.98941969871521,33400,2174.051247358322
1,168,200,200,6.32e-05,0.0365,0.0143,0.144,13.006892681121826,33600,2187.058140039444
1,169,200,200,6.28e-05,0.0366,0.0144,0.143,13.087054252624512,33800,2200.1451942920685
1,170,200,200,6.24e-05,0.0369,0.0146,0.146,13.041909217834473,34000,2213.187103509903
1,171,200,200,6.21e-05,0.037,0.0148,0.146,13.069875717163086,34200,2226.256979227066
1,172,200,200,6.17e-05,0.0362,0.0143,0.144,13.067101955413818,34400,2239.32408118248
1,173,200,200,6.13e-05,0.0365,0.0145,0.143,13.120061159133911,34600,2252.4441423416138
1,174,200,200,6.09e-05,0.0358,0.0142,0.143,13.05839467048645,34800,2265.5025370121
1,175,200,200,6.05e-05,0.0366,0.0145,0.144,13.095842599868774,35000,2278.598379611969
1,176,200,200,6.02e-05,0.0361,0.0144,0.144,13.067464113235474,35200,2291.6658437252045
1,177,200,200,5.98e-05,0.0363,0.0145,0.144,13.01132345199585,35400,2304.6771671772003
1,178,200,200,5.94e-05,0.0354,0.0141,0.139,12.993052244186401,35600,2317.6702194213867
1,179,200,200,5.9e-05,0.0355,0.0141,0.141,13.019633531570435,35800,2330.689852952957
1,180,200,200,5.86e-05,0.0366,0.0146,0.144,13.037398338317871,36000,2343.727251291275
1,181,200,200,5.82e-05,0.0355,0.014,0.139,12.994151592254639,36200,2356.7214028835297
1,182,200,200,5.79e-05,0.035,0.0138,0.137,13.037851810455322,36400,2369.759254693985
1,183,200,200,5.75e-05,0.0367,0.0145,0.145,13.087374448776245,36600,2382.8466291427612
1,184,200,200,5.71e-05,0.0354,0.0141,0.138,13.062299489974976,36800,2395.908928632736
1,185,200,200,5.67e-05,0.0355,0.0141,0.137,13.049810409545898,37000,2408.958739042282
1,186,200,200,5.63e-05,0.0359,0.0143,0.142,13.060406684875488,37200,2422.0191457271576
1,187,200,200,5.59e-05,0.0353,0.014,0.139,13.01755166053772,37400,2435.0366973876953
1,188,200,200,5.55e-05,0.0364,0.0145,0.143,13.086883783340454,37600,2448.1235811710358
1,189,200,200,5.52e-05,0.0359,0.0143,0.141,13.00861644744873,37800,2461.1321976184845
1,190,200,200,5.48e-05,0.0355,0.0141,0.142,13.079034328460693,38000,2474.211231946945
1,191,200,200,5.44e-05,0.0365,0.0145,0.143,13.006226301193237,38200,2487.2174582481384
1,192,200,200,5.4e-05,0.0348,0.0137,0.136,13.026606798171997,38400,2500.2440650463104
1,193,200,200,5.36e-05,0.0361,0.0144,0.143,13.047942399978638,38600,2513.292007446289
1,194,200,200,5.32e-05,0.0357,0.0143,0.14,13.076642751693726,38800,2526.368650197983
1,195,200,200,5.28e-05,0.035,0.014,0.139,13.043567895889282,39000,2539.412218093872
1,196,200,200,5.24e-05,0.0357,0.0142,0.141,13.069271564483643,39200,2552.4814896583557
1,197,200,200,5.21e-05,0.035,0.0139,0.138,13.081505298614502,39400,2565.56299495697
1,198,200,200,5.17e-05,0.0355,0.0141,0.138,13.02270221710205,39600,2578.5856971740723
1,199,200,200,5.13e-05,0.0363,0.0144,0.143,13.068764686584473,39800,2591.6544618606567
1,200,200,200,5.09e-05,0.0356,0.0143,0.141,13.090454339981079,40000,2604.744916200638
1,201,200,200,5.05e-05,0.0354,0.014,0.138,13.093932867050171,40200,2617.838849067688
1,202,200,200,5.01e-05,0.0362,0.0144,0.142,13.036137342453003,40400,2630.874986410141
1,203,200,200,4.97e-05,0.0357,0.0143,0.141,13.050370693206787,40600,2643.925357103348
1,204,200,200,4.93e-05,0.0346,0.0138,0.135,13.020249843597412,40800,2656.945606946945
1,205,200,200,4.89e-05,0.0357,0.0142,0.139,13.04770541191101,41000,2669.993312358856
1,206,200,200,4.86e-05,0.0364,0.0144,0.141,12.999425649642944,41200,2682.992738008499
1,207,200,200,4.82e-05,0.0367,0.0147,0.143,13.011812686920166,41400,2696.0045506954193
1,208,200,200,4.78e-05,0.0352,0.0141,0.14,13.04018259048462,41600,2709.044733285904
1,209,200,200,4.74e-05,0.0354,0.0142,0.14,12.997644186019897,41800,2722.042377471924
1,210,200,200,4.7e-05,0.0358,0.0143,0.139,13.065088033676147,42000,2735.1074655056
1,211,200,200,4.66e-05,0.0346,0.0138,0.137,13.0375657081604,42200,2748.1450312137604
1,212,200,200,4.62e-05,0.0352,0.014,0.139,13.04784083366394,42400,2761.1928720474243
1,213,200,200,4.58e-05,0.0352,0.014,0.135,13.010374784469604,42600,2774.203246831894
1,214,200,200,4.55e-05,0.0359,0.0142,0.139,12.978316068649292,42800,2787.181562900543
1,215,200,200,4.51e-05,0.0346,0.0138,0.136,13.019499063491821,43000,2800.201061964035
1,216,200,200,4.47e-05,0.035,0.0139,0.137,13.047033309936523,43200,2813.2480952739716
1,217,200,200,4.43e-05,0.0337,0.0134,0.131,13.029040575027466,43400,2826.277135848999
1,218,200,200,4.39e-05,0.0352,0.0141,0.136,12.9703950881958,43600,2839.247530937195
1,219,200,200,4.35e-05,0.0353,0.0141,0.136,13.068657636642456,43800,2852.3161885738373
1,220,200,200,4.31e-05,0.0355,0.0143,0.137,13.013580799102783,44000,2865.32976937294
1,221,200,200,4.28e-05,0.0348,0.0139,0.136,13.098653793334961,44200,2878.428423166275
1,222,200,200,4.24e-05,0.0346,0.0137,0.136,13.046279668807983,44400,2891.474702835083
1,223,200,200,4.2e-05,0.0344,0.0139,0.136,13.010051965713501,44600,2904.4847548007965
1,224,200,200,4.16e-05,0.0351,0.0142,0.137,12.994935274124146,44800,2917.4796900749207
1,225,200,200,4.12e-05,0.0342,0.0138,0.134,13.009209156036377,45000,2930.488899230957
1,226,200,200,4.08e-05,0.0344,0.0139,0.135,12.958911895751953,45200,2943.447811126709
1,227,200,200,4.05e-05,0.035,0.0139,0.135,13.116600513458252,45400,2956.5644116401672
1,228,200,200,4.01e-05,0.0356,0.0143,0.139,13.123506307601929,45600,2969.687917947769
1,229,200,200,3.97e-05,0.0347,0.0138,0.137,13.109210968017578,45800,2982.7971289157867
1,230,200,200,3.93e-05,0.0348,0.014,0.137,13.097720384597778,46000,2995.8948493003845
1,231,200,200,3.89e-05,0.0329,0.0131,0.129,13.047454595565796,46200,3008.9423038959503
1,232,200,200,3.86e-05,0.0335,0.0135,0.129,12.986517190933228,46400,3021.9288210868835
1,233,200,200,3.82e-05,0.0349,0.014,0.135,12.97756290435791,46600,3034.9063839912415
1,234,200,200,3.78e-05,0.0342,0.0138,0.134,13.083999395370483,46800,3047.990383386612
1,235,200,200,3.74e-05,0.0343,0.0137,0.132,13.05742883682251,47000,3061.0478122234344
1,236,200,200,3.71e-05,0.0351,0.014,0.136,13.07426118850708,47200,3074.1220734119415
1,237,200,200,3.67e-05,0.0339,0.0136,0.132,13.07982063293457,47400,3087.201894044876
1,238,200,200,3.63e-05,0.0353,0.0141,0.137,13.077765703201294,47600,3100.2796597480774
1,239,200,200,3.59e-05,0.034,0.0135,0.134,12.99438214302063,47800,3113.274041891098
1,240,200,200,3.56e-05,0.0346,0.014,0.135,12.987675666809082,48000,3126.261717557907
1,241,200,200,3.52e-05,0.0341,0.0136,0.131,13.037857294082642,48200,3139.2995748519897
1,242,200,200,3.48e-05,0.0351,0.0142,0.137,13.062803268432617,48400,3152.3623781204224
1,243,200,200,3.45e-05,0.0344,0.0139,0.135,13.106726884841919,48600,3165.4691050052643
1,244,200,200,3.41e-05,0.0341,0.0137,0.133,13.081817865371704,48800,3178.550922870636
1,245,200,200,3.37e-05,0.0336,0.0135,0.132,13.096893310546875,49000,3191.647816181183
1,246,200,200,3.34e-05,0.034,0.0137,0.133,13.027009725570679,49200,3204.6748259067535
1,247,200,200,3.3e-05,0.0341,0.0136,0.132,12.942002058029175,49400,3217.6168279647827
1,248,200,200,3.26e-05,0.0347,0.014,0.136,13.035188674926758,49600,3230.6520166397095
1,249,200,200,3.23e-05,0.0337,0.0136,0.132,12.99923825263977,49800,3243.6512548923492
1,250,200,200,3.19e-05,0.034,0.0135,0.131,13.123652458190918,50000,3256.77490735054
1,251,200,200,3.16e-05,0.0336,0.0134,0.13,13.075921058654785,50200,3269.850828409195
1,252,200,200,3.12e-05,0.0351,0.0142,0.136,13.110471248626709,50400,3282.9612996578217
1,253,200,200,3.08e-05,0.0334,0.0133,0.128,13.05138087272644,50600,3296.012680530548
1,254,200,200,3.05e-05,0.0341,0.0138,0.132,13.059653282165527,50800,3309.0723338127136
1,255,200,200,3.01e-05,0.0333,0.0134,0.131,13.092683792114258,51000,3322.165017604828
1,256,200,200,2.98e-05,0.034,0.0137,0.133,13.112229585647583,51200,3335.2772471904755
1,257,200,200,2.94e-05,0.0347,0.014,0.133,13.063460350036621,51400,3348.340707540512
1,258,200,200,2.91e-05,0.0334,0.0134,0.131,12.9737548828125,51600,3361.3144624233246
1,259,200,200,2.87e-05,0.0334,0.0133,0.129,13.091705322265625,51800,3374.40616774559
1,260,200,200,2.84e-05,0.0336,0.0134,0.131,13.019611358642578,52000,3387.425779104233
1,261,200,200,2.8e-05,0.0344,0.0139,0.134,12.997211456298828,52200,3400.4229905605316
1,262,200,200,2.77e-05,0.0346,0.0139,0.132,13.007804870605469,52400,3413.430795431137
1,263,200,200,2.73e-05,0.0341,0.0137,0.132,13.0211820602417,52600,3426.451977491379
1,264,200,200,2.7e-05,0.0333,0.0135,0.13,13.047022104263306,52800,3439.498999595642
1,265,200,200,2.67e-05,0.0336,0.0135,0.132,13.02221417427063,53000,3452.5212137699127
1,266,200,200,2.63e-05,0.0336,0.0135,0.13,13.07151746749878,53200,3465.5927312374115
1,267,200,200,2.6e-05,0.0329,0.0132,0.128,13.064938306808472,53400,3478.65766954422
1,268,200,200,2.56e-05,0.0331,0.0132,0.13,13.077435731887817,53600,3491.735105276108
1,269,200,200,2.53e-05,0.033,0.0133,0.13,13.047437906265259,53800,3504.782543182373
1,270,200,200,2.5e-05,0.0343,0.0137,0.129,13.064086675643921,54000,3517.846629858017
1,271,200,200,2.46e-05,0.0329,0.0132,0.128,13.016234397888184,54200,3530.862864255905
1,272,200,200,2.43e-05,0.0333,0.0134,0.13,13.121937036514282,54400,3543.9848012924194
1,273,200,200,2.4e-05,0.0332,0.0134,0.13,13.016630411148071,54600,3557.0014317035675
1,274,200,200,2.36e-05,0.0346,0.014,0.133,13.095635652542114,54800,3570.0970673561096
1,275,200,200,2.33e-05,0.0332,0.0133,0.13,13.066570520401001,55000,3583.1636378765106
1,276,200,200,2.3e-05,0.0341,0.0136,0.131,13.12313175201416,55200,3596.286769628525
1,277,200,200,2.27e-05,0.0331,0.0133,0.127,13.039100170135498,55400,3609.3258697986603
1,278,200,200,2.24e-05,0.0323,0.0131,0.125,13.014553546905518,55600,3622.340423345566
1,279,200,200,2.2e-05,0.0336,0.0136,0.129,13.008414506912231,55800,3635.348837852478
1,280,200,200,2.17e-05,0.0332,0.0135,0.128,13.004663228988647,56000,3648.3535010814667
1,281,200,200,2.14e-05,0.0331,0.0134,0.129,13.043323993682861,56200,3661.3968250751495
1,282,200,200,2.11e-05,0.0337,0.0135,0.13,13.05502462387085,56400,3674.4518496990204
1,283,200,200,2.08e-05,0.0338,0.0137,0.13,13.068607330322266,56600,3687.5204570293427
1,284,200,200,2.05e-05,0.0334,0.0133,0.129,13.04644775390625,56800,3700.566904783249
1,285,200,200,2.02e-05,0.0339,0.0138,0.131,12.989439964294434,57000,3713.5563447475433
1,286,200,200,1.99e-05,0.0337,0.0136,0.132,12.920245885848999,57200,3726.4765906333923
1,287,200,200,1.96e-05,0.0328,0.0132,0.126,12.969847679138184,57400,3739.4464383125305
1,288,200,200,1.92e-05,0.0331,0.0135,0.129,13.027599573135376,57600,3752.474037885666
1,289,200,200,1.89e-05,0.0343,0.0136,0.129,13.038623809814453,57800,3765.5126616954803
1,290,200,200,1.86e-05,0.0335,0.0134,0.129,13.080655813217163,58000,3778.5933175086975
1,291,200,200,1.84e-05,0.0343,0.0138,0.132,13.106278657913208,58200,3791.6995961666107
1,292,200,200,1.81e-05,0.032,0.0129,0.123,13.035245180130005,58400,3804.7348413467407
1,293,200,200,1.78e-05,0.0329,0.0131,0.125,13.100497245788574,58600,3817.8353385925293
1,294,200,200,1.75e-05,0.0338,0.0137,0.132,12.970675468444824,58800,3830.806014060974
1,295,200,200,1.72e-05,0.0322,0.013,0.126,13.091845750808716,59000,3843.897859811783
1,296,200,200,1.69e-05,0.0334,0.0135,0.129,13.064227819442749,59200,3856.9620876312256
1,297,200,200,1.66e-05,0.0334,0.0134,0.128,13.074926376342773,59400,3870.0370140075684
1,298,200,200,1.63e-05,0.0339,0.0138,0.13,13.101792812347412,59600,3883.1388068199158
1,299,200,200,1.61e-05,0.033,0.0134,0.128,13.044494867324829,59800,3896.1833016872406
1,300,200,200,1.58e-05,0.0342,0.0139,0.13,13.060127258300781,60000,3909.2434289455414
1,301,200,200,1.55e-05,0.0312,0.0126,0.122,13.045055150985718,60200,3922.288484096527
1,302,200,200,1.52e-05,0.0332,0.0134,0.13,13.04491639137268,60400,3935.3334004879
1,303,200,200,1.5e-05,0.0335,0.0136,0.129,13.065399646759033,60600,3948.398800134659
1,304,200,200,1.47e-05,0.0337,0.0135,0.129,13.07409381866455,60800,3961.4728939533234
1,305,200,200,1.44e-05,0.0328,0.0133,0.127,13.05173921585083,61000,3974.524633169174
1,306,200,200,1.42e-05,0.0333,0.0133,0.129,13.04205584526062,61200,3987.566689014435
1,307,200,200,1.39e-05,0.0333,0.0134,0.128,13.096359252929688,61400,4000.6630482673645
1,308,200,200,1.36e-05,0.0337,0.0135,0.128,13.055323362350464,61600,4013.718371629715
1,309,200,200,1.34e-05,0.0329,0.0133,0.127,13.097483158111572,61800,4026.8158547878265
1,310,200,200,1.31e-05,0.0326,0.0132,0.126,12.976563215255737,62000,4039.7924180030823
1,311,200,200,1.29e-05,0.0327,0.0131,0.126,13.01905083656311,62200,4052.8114688396454
1,312,200,200,1.26e-05,0.0323,0.0129,0.125,13.013265371322632,62400,4065.824734210968
1,313,200,200,1.24e-05,0.0327,0.0132,0.127,13.037848949432373,62600,4078.8625831604004
1,314,200,200,1.21e-05,0.0322,0.0129,0.124,13.000814199447632,62800,4091.863397359848
1,315,200,200,1.19e-05,0.0325,0.013,0.124,13.053994178771973,63000,4104.91739153862
1,316,200,200,1.16e-05,0.0327,0.0133,0.125,13.109869003295898,63200,4118.027260541916
1,317,200,200,1.14e-05,0.0331,0.0134,0.129,13.032605648040771,63400,4131.059866189957
1,318,200,200,1.12e-05,0.0338,0.0138,0.131,13.054818630218506,63600,4144.114684820175
1,319,200,200,1.09e-05,0.0321,0.0129,0.125,13.083141088485718,63800,4157.197825908661
1,320,200,200,1.07e-05,0.0314,0.0128,0.123,13.045393943786621,64000,4170.2432198524475
1,321,200,200,1.05e-05,0.0332,0.0134,0.13,13.049309730529785,64200,4183.292529582977
1,322,200,200,1.02e-05,0.0324,0.0131,0.125,13.093756675720215,64400,4196.3862862586975
1,323,200,200,1e-05,0.0329,0.0133,0.126,13.100337743759155,64600,4209.486624002457
1,324,200,200,9.78e-06,0.0331,0.0132,0.128,13.033493041992188,64800,4222.520117044449
1,325,200,200,9.56e-06,0.0332,0.0133,0.129,13.088856220245361,65000,4235.608973264694
1,326,200,200,9.34e-06,0.033,0.0133,0.127,13.146150350570679,65200,4248.755123615265
1,327,200,200,9.13e-06,0.0337,0.0136,0.13,13.10854196548462,65400,4261.8636655807495
1,328,200,200,8.92e-06,0.033,0.0133,0.128,13.080093622207642,65600,4274.943759202957
1,329,200,200,8.71e-06,0.0326,0.0131,0.125,13.01568078994751,65800,4287.959439992905
1,330,200,200,8.5e-06,0.0323,0.013,0.125,12.991983890533447,66000,4300.951423883438
1,331,200,200,8.29e-06,0.0324,0.0131,0.126,13.017587900161743,66200,4313.9690117836
1,332,200,200,8.09e-06,0.0325,0.0131,0.126,13.035078525543213,66400,4327.004090309143
1,333,200,200,7.89e-06,0.0329,0.0133,0.127,13.123868942260742,66600,4340.127959251404
1,334,200,200,7.7e-06,0.0319,0.013,0.123,13.117608070373535,66800,4353.245567321777
1,335,200,200,7.5e-06,0.0334,0.0134,0.13,13.14305853843689,67000,4366.388625860214
1,336,200,200,7.31e-06,0.0323,0.013,0.126,13.049769401550293,67200,4379.4383952617645
1,337,200,200,7.12e-06,0.0322,0.0131,0.125,13.029809474945068,67400,4392.46820473671
1,338,200,200,6.94e-06,0.0321,0.0129,0.124,13.079517602920532,67600,4405.54772233963
1,339,200,200,6.75e-06,0.0332,0.0135,0.127,13.13627576828003,67800,4418.68399810791
1,340,200,200,6.57e-06,0.0322,0.0129,0.124,13.055510997772217,68000,4431.739509105682
1,341,200,200,6.4e-06,0.0324,0.013,0.126,13.033941745758057,68200,4444.77345085144
1,342,200,200,6.22e-06,0.0341,0.0139,0.129,13.053844690322876,68400,4457.827295541763
1,343,200,200,6.05e-06,0.0339,0.0136,0.128,13.076024770736694,68600,4470.9033203125
1,344,200,200,5.88e-06,0.0333,0.0134,0.128,13.071764469146729,68800,4483.975084781647
1,345,200,200,5.71e-06,0.0332,0.0133,0.126,13.144390344619751,69000,4497.1194751262665
1,346,200,200,5.55e-06,0.0327,0.0133,0.128,13.083815336227417,69200,4510.203290462494
1,347,200,200,5.39e-06,0.0321,0.013,0.124,13.01789379119873,69400,4523.221184253693
1,348,200,200,5.23e-06,0.0328,0.0132,0.128,13.07334589958191,69600,4536.2945301532745
1,349,200,200,5.07e-06,0.0315,0.0128,0.123,13.051544666290283,69800,4549.346074819565
1,350,200,200,4.92e-06,0.0333,0.0136,0.129,13.121383905410767,70000,4562.467458724976
1,351,200,200,4.77e-06,0.0316,0.0127,0.124,13.001219749450684,70200,4575.468678474426
1,352,200,200,4.62e-06,0.0316,0.0127,0.124,13.070608854293823,70400,4588.53928732872
1,353,200,200,4.48e-06,0.033,0.0132,0.126,13.055213212966919,70600,4601.594500541687
1,354,200,200,4.33e-06,0.0323,0.0131,0.124,13.016198635101318,70800,4614.610699176788
1,355,200,200,4.2e-06,0.0322,0.0131,0.126,12.962267398834229,71000,4627.572966575623
1,356,200,200,4.06e-06,0.0329,0.0132,0.127,13.053914546966553,71200,4640.626881122589
1,357,200,200,3.93e-06,0.0335,0.0136,0.129,13.056618213653564,71400,4653.683499336243
1,358,200,200,3.8e-06,0.0328,0.0133,0.127,13.008455276489258,71600,4666.691954612732
1,359,200,200,3.67e-06,0.0321,0.0129,0.123,13.012423038482666,71800,4679.704377651215
1,360,200,200,3.54e-06,0.0333,0.0133,0.127,13.054715633392334,72000,4692.759093284607
1,361,200,200,3.42e-06,0.0325,0.0131,0.126,13.090709686279297,72200,4705.849802970886
1,362,200,200,3.3e-06,0.0326,0.0132,0.126,12.971526861190796,72400,4718.821329832077
1,363,200,200,3.19e-06,0.0328,0.0133,0.127,13.061946153640747,72600,4731.883275985718
1,364,200,200,3.08e-06,0.0339,0.0136,0.128,13.060398817062378,72800,4744.94367480278
1,365,200,200,2.97e-06,0.032,0.0128,0.123,12.993976354598999,73000,4757.937651157379
1,366,200,200,2.86e-06,0.032,0.013,0.125,13.089951753616333,73200,4771.0276029109955
1,367,200,200,2.75e-06,0.034,0.0136,0.129,13.135711669921875,73400,4784.163314580917
1,368,200,200,2.65e-06,0.0339,0.0136,0.13,12.975227117538452,73600,4797.138541698456
1,369,200,200,2.56e-06,0.0333,0.0135,0.127,12.999449968338013,73800,4810.137991666794
1,370,200,200,2.46e-06,0.0335,0.0136,0.131,12.976773262023926,74000,4823.114764928818
1,371,200,200,2.37e-06,0.0334,0.0135,0.129,13.046664237976074,74200,4836.161429166794
1,372,200,200,2.28e-06,0.0327,0.0131,0.125,12.955317735671997,74400,4849.116746902466
1,373,200,200,2.19e-06,0.0325,0.0131,0.125,13.025461673736572,74600,4862.142208576202
1,374,200,200,2.11e-06,0.0324,0.013,0.125,12.910605669021606,74800,4875.052814245224
1,375,200,200,2.03e-06,0.0331,0.0135,0.128,12.95571756362915,75000,4888.008531808853
1,376,200,200,1.95e-06,0.0328,0.0133,0.128,13.095932483673096,75200,4901.104464292526
1,377,200,200,1.88e-06,0.0323,0.0131,0.125,12.992464065551758,75400,4914.096928358078
1,378,200,200,1.81e-06,0.0331,0.0134,0.127,13.06190299987793,75600,4927.158831357956
1,379,200,200,1.74e-06,0.0333,0.0134,0.126,12.998258590698242,75800,4940.157089948654
1,380,200,200,1.67e-06,0.0317,0.0127,0.124,13.089983940124512,76000,4953.247073888779
1,381,200,200,1.61e-06,0.0328,0.0132,0.125,12.996322870254517,76200,4966.243396759033
1,382,200,200,1.55e-06,0.0323,0.0131,0.125,12.947104215621948,76400,4979.190500974655
1,383,200,200,1.49e-06,0.033,0.0133,0.125,12.916255712509155,76600,4992.106756687164
1,384,200,200,1.44e-06,0.032,0.0127,0.123,12.938978672027588,76800,5005.045735359192
1,385,200,200,1.39e-06,0.0323,0.0132,0.126,12.9567129611969,77000,5018.002448320389
1,386,200,200,1.34e-06,0.0318,0.0129,0.125,12.978591442108154,77200,5030.981039762497
1,387,200,200,1.3e-06,0.0321,0.0129,0.123,13.09363079071045,77400,5044.074670553207
1,388,200,200,1.26e-06,0.0323,0.0131,0.126,13.069777488708496,77600,5057.144448041916
1,389,200,200,1.22e-06,0.0325,0.0132,0.126,12.977067232131958,77800,5070.121515274048
1,390,200,200,1.18e-06,0.0328,0.0133,0.128,13.007871866226196,78000,5083.129387140274
1,391,200,200,1.15e-06,0.0324,0.0131,0.125,12.910808563232422,78200,5096.0401957035065
1,392,200,200,1.12e-06,0.0327,0.0131,0.127,13.05789303779602,78400,5109.0980887413025
1,393,200,200,1.1e-06,0.0319,0.013,0.124,13.114362716674805,78600,5122.212451457977
1,394,200,200,1.07e-06,0.0326,0.0132,0.126,13.098015308380127,78800,5135.310466766357
1,395,200,200,1.05e-06,0.0311,0.0125,0.122,13.018407821655273,79000,5148.328874588013
1,396,200,200,1.04e-06,0.0322,0.0131,0.124,12.987316131591797,79200,5161.3161907196045
1,397,200,200,1.02e-06,0.0325,0.0132,0.129,12.98160171508789,79400,5174.297792434692
1,398,200,200,1.01e-06,0.0323,0.013,0.125,13.026318550109863,79600,5187.324110984802
1,399,200,200,1.01e-06,0.0325,0.0132,0.128,13.027678728103638,79800,5200.351789712906
1,400,200,200,1e-06,0.0313,0.0126,0.124,13.088067293167114,80000,5213.439857006073
2,1,200,200,0.0001,0.109,0.038,0.515,29.56612992286682,80200,5243.00598692894
2,2,200,200,0.0001,0.061,0.0226,0.293,28.96522331237793,80400,5271.971210241318
2,3,200,200,0.0001,0.0528,0.0197,0.238,28.999192237854004,80600,5300.970402479172
2,4,200,200,0.0001,0.0493,0.0185,0.216,29.10592484474182,80800,5330.076327323914
2,5,200,200,0.0001,0.0458,0.0173,0.199,28.940292358398438,81000,5359.016619682312
2,6,200,200,0.0001,0.046,0.0175,0.192,28.93847107887268,81200,5387.955090761185
2,7,200,200,9.99e-05,0.0444,0.017,0.186,29.26438069343567,81400,5417.21947145462
2,8,200,200,9.99e-05,0.0429,0.0165,0.176,29.12207579612732,81600,5446.341547250748
2,9,200,200,9.99e-05,0.0412,0.0158,0.17,29.033718585968018,81800,5475.375265836716
2,10,200,200,9.99e-05,0.0406,0.0158,0.168,28.857362985610962,82000,5504.232628822327
2,11,200,200,9.98e-05,0.0388,0.015,0.162,28.996912717819214,82200,5533.229541540146
2,12,200,200,9.98e-05,0.0407,0.0157,0.163,29.103759050369263,82400,5562.333300590515
2,13,200,200,9.98e-05,0.0397,0.0154,0.161,28.978302001953125,82600,5591.311602592468
2,14,200,200,9.97e-05,0.0393,0.0153,0.159,28.919743061065674,82800,5620.231345653534
2,15,200,200,9.97e-05,0.0394,0.0155,0.159,29.089526414871216,83000,5649.320872068405
2,16,200,200,9.97e-05,0.0386,0.0151,0.154,28.98929786682129,83200,5678.310169935226
2,17,200,200,9.96e-05,0.0385,0.015,0.152,29.320887804031372,83400,5707.631057739258
2,18,200,200,9.96e-05,0.0385,0.015,0.154,29.472583770751953,83600,5737.10364151001
2,19,200,200,9.95e-05,0.038,0.015,0.153,29.08307671546936,83800,5766.186718225479
2,20,200,200,9.94e-05,0.0381,0.0149,0.15,28.948726177215576,84000,5795.135444402695
2,21,200,200,9.94e-05,0.0383,0.0152,0.152,29.084001779556274,84200,5824.219446182251
2,22,200,200,9.93e-05,0.038,0.015,0.15,29.24790668487549,84400,5853.4673528671265
2,23,200,200,9.93e-05,0.0382,0.0152,0.151,29.026220560073853,84600,5882.4935734272
2,24,200,200,9.92e-05,0.0365,0.0143,0.144,28.95372724533081,84800,5911.447300672531
2,25,200,200,9.91e-05,0.0368,0.0145,0.146,28.937155723571777,85000,5940.384456396103
2,26,200,200,9.9e-05,0.037,0.0146,0.144,28.951398611068726,85200,5969.335855007172
2,27,200,200,9.9e-05,0.0359,0.0143,0.143,29.145501613616943,85400,5998.481356620789
2,28,200,200,9.89e-05,0.0364,0.0143,0.145,29.092040300369263,85600,6027.573396921158
2,29,200,200,9.88e-05,0.0356,0.0142,0.143,28.921387195587158,85800,6056.494784116745
2,30,200,200,9.87e-05,0.0365,0.0145,0.143,28.963737964630127,86000,6085.458522081375
2,31,200,200,9.86e-05,0.036,0.0143,0.145,29.10350465774536,86200,6114.5620267391205
2,32,200,200,9.85e-05,0.0359,0.0143,0.141,28.856955528259277,86400,6143.41898226738
2,33,200,200,9.84e-05,0.0355,0.014,0.139,28.947570085525513,86600,6172.366552352905
2,34,200,200,9.83e-05,0.0366,0.0145,0.143,29.07724666595459,86800,6201.44379901886
2,35,200,200,9.82e-05,0.0371,0.0147,0.145,29.150485038757324,87000,6230.594284057617
2,36,200,200,9.81e-05,0.0363,0.0143,0.141,28.997973442077637,87200,6259.592257499695
2,37,200,200,9.8e-05,0.0357,0.0141,0.139,29.03214144706726,87400,6288.624398946762
2,38,200,200,9.79e-05,0.0366,0.0145,0.144,29.059009552001953,87600,6317.683408498764
2,39,200,200,9.78e-05,0.0353,0.014,0.14,28.942936182022095,87800,6346.626344680786
2,40,200,200,9.77e-05,0.0361,0.0144,0.14,29.0688374042511,88000,6375.695182085037
2,41,200,200,9.76e-05,0.0345,0.0136,0.135,29.01285672187805,88200,6404.708038806915
2,42,200,200,9.75e-05,0.035,0.014,0.139,28.89365577697754,88400,6433.601694583893
2,43,200,200,9.73e-05,0.0349,0.0138,0.137,28.993626832962036,88600,6462.595321416855
2,44,200,200,9.72e-05,0.035,0.0139,0.138,28.939351081848145,88800,6491.534672498703
2,45,200,200,9.71e-05,0.0354,0.0141,0.138,29.15272617340088,89000,6520.687398672104
2,46,200,200,9.69e-05,0.036,0.0143,0.14,29.09283208847046,89200,6549.780230760574
2,47,200,200,9.68e-05,0.0351,0.0141,0.138,29.22981548309326,89400,6579.010046243668
2,48,200,200,9.67e-05,0.0348,0.0138,0.137,28.97848105430603,89600,6607.988527297974
2,49,200,200,9.65e-05,0.0351,0.014,0.136,29.20212197303772,89800,6637.190649271011
2,50,200,200,9.64e-05,0.0347,0.0138,0.137,28.972222328186035,90000,6666.162871599197
2,51,200,200,9.62e-05,0.0355,0.0142,0.137,29.089495182037354,90200,6695.252366781235
2,52,200,200,9.61e-05,0.0346,0.0137,0.136,29.23115372657776,90400,6724.4835205078125
2,53,200,200,9.59e-05,0.0357,0.0143,0.138,29.017414808273315,90600,6753.500935316086
2,54,200,200,9.58e-05,0.0345,0.0137,0.133,28.95352339744568,90800,6782.4544587135315
2,55,200,200,9.56e-05,0.0345,0.0137,0.134,29.11621332168579,91000,6811.570672035217
2,56,200,200,9.55e-05,0.0348,0.0138,0.137,29.079895496368408,91200,6840.650567531586
2,57,200,200,9.53e-05,0.0346,0.0139,0.136,28.903149127960205,91400,6869.553716659546
2,58,200,200,9.51e-05,0.0348,0.0138,0.136,28.859354496002197,91600,6898.413071155548
2,59,200,200,9.5e-05,0.0351,0.0142,0.139,29.146206378936768,91800,6927.559277534485
2,60,200,200,9.48e-05,0.0345,0.0138,0.136,28.836992263793945,92000,6956.396269798279
2,61,200,200,9.46e-05,0.0349,0.014,0.135,29.190962314605713,92200,6985.5872321128845
2,62,200,200,9.44e-05,0.034,0.0134,0.133,29.146990060806274,92400,7014.734222173691
2,63,200,200,9.42e-05,0.0351,0.014,0.138,29.14645218849182,92600,7043.880674362183
2,64,200,200,9.41e-05,0.0342,0.0137,0.134,28.938114643096924,92800,7072.8187890052795
2,65,200,200,9.39e-05,0.0347,0.0138,0.134,29.115784406661987,93000,7101.9345734119415
2,66,200,200,9.37e-05,0.0337,0.0135,0.131,29.031492471694946,93200,7130.9660658836365
2,67,200,200,9.35e-05,0.0339,0.0135,0.133,29.07287883758545,93400,7160.038944721222
2,68,200,200,9.33e-05,0.0348,0.014,0.137,29.20531964302063,93600,7189.244264364243
2,69,200,200,9.31e-05,0.0337,0.0135,0.131,29.072150707244873,93800,7218.316415071487
2,70,200,200,9.29e-05,0.0335,0.0133,0.129,29.101967811584473,94000,7247.418382883072
2,71,200,200,9.27e-05,0.0347,0.0139,0.135,29.020880699157715,94200,7276.43926358223
2,72,200,200,9.25e-05,0.0338,0.0135,0.13,29.01968789100647,94400,7305.458951473236
2,73,200,200,9.23e-05,0.0339,0.0136,0.13,29.211196660995483,94600,7334.670148134232
2,74,200,200,9.21e-05,0.0342,0.0137,0.133,29.154370546340942,94800,7363.8245186805725
2,75,200,200,9.19e-05,0.0338,0.0135,0.131,29.018463611602783,95000,7392.842982292175
2,76,200,200,9.17e-05,0.0347,0.014,0.134,29.00236678123474,95200,7421.84534907341
2,77,200,200,9.14e-05,0.034,0.0137,0.132,29.11141324043274,95400,7450.956762313843
2,78,200,200,9.12e-05,0.034,0.0136,0.132,29.146479606628418,95600,7480.103241920471
2,79,200,200,9.1e-05,0.0348,0.0139,0.135,29.082781314849854,95800,7509.186023235321
2,80,200,200,9.08e-05,0.0332,0.0132,0.128,29.027960062026978,96000,7538.213983297348
2,81,200,200,9.05e-05,0.0344,0.0139,0.136,28.955114126205444,96200,7567.1690974235535
2,82,200,200,9.03e-05,0.0339,0.0136,0.133,29.09768533706665,96400,7596.26678276062
2,83,200,200,9.01e-05,0.0333,0.0134,0.129,29.069136142730713,96600,7625.335918903351
2,84,200,200,8.98e-05,0.0342,0.0137,0.134,29.05956196784973,96800,7654.395480871201
2,85,200,200,8.96e-05,0.0336,0.0134,0.131,29.09081721305847,97000,7683.486298084259
2,86,200,200,8.94e-05,0.0341,0.0137,0.131,28.990370988845825,97200,7712.476669073105
2,87,200,200,8.91e-05,0.0347,0.0138,0.133,28.841070652008057,97400,7741.317739725113
2,88,200,200,8.89e-05,0.0339,0.0136,0.132,28.92911696434021,97600,7770.246856689453
2,89,200,200,8.86e-05,0.0338,0.0136,0.132,28.910750150680542,97800,7799.157606840134
2,90,200,200,8.84e-05,0.0346,0.0139,0.134,28.995760679244995,98000,7828.153367519379
2,91,200,200,8.81e-05,0.0342,0.0138,0.135,29.170661211013794,98200,7857.3240287303925
2,92,200,200,8.79e-05,0.0331,0.0132,0.127,28.961730480194092,98400,7886.285759210587
2,93,200,200,8.76e-05,0.0342,0.0137,0.132,29.27401089668274,98600,7915.559770107269
2,94,200,200,8.74e-05,0.0347,0.0139,0.135,29.189501762390137,98800,7944.749271869659
2,95,200,200,8.71e-05,0.0351,0.0141,0.135,29.10163712501526,99000,7973.850908994675
2,96,200,200,8.68e-05,0.0337,0.0135,0.131,29.148635387420654,99200,8002.999544382095
2,97,200,200,8.66e-05,0.034,0.0136,0.131,29.037615537643433,99400,8032.037159919739
2,98,200,200,8.63e-05,0.0343,0.0137,0.131,28.909478425979614,99600,8060.946638345718
2,99,200,200,8.6e-05,0.0333,0.0133,0.127,29.12739586830139,99800,8090.07403421402
2,100,200,200,8.58e-05,0.0335,0.0134,0.132,29.02885675430298,100000,8119.102890968323
2,101,200,200,8.55e-05,0.0339,0.0136,0.128,28.98694658279419,100200,8148.089837551117
2,102,200,200,8.52e-05,0.0344,0.0138,0.131,29.049153327941895,100400,8177.138990879059
2,103,200,200,8.49e-05,0.0333,0.0133,0.127,29.02526831626892,100600,8206.164259195328
2,104,200,200,8.47e-05,0.0335,0.0134,0.129,28.98802876472473,100800,8235.152287960052
2,105,200,200,8.44e-05,0.0324,0.013,0.125,29.00660490989685,101000,8264.15889286995
2,106,200,200,8.41e-05,0.0337,0.0134,0.131,29.075262546539307,101200,8293.234155416489
2,107,200,200,8.38e-05,0.0337,0.0137,0.129,28.813480377197266,101400,8322.047635793686
2,108,200,200,8.35e-05,0.0341,0.0137,0.13,29.07569408416748,101600,8351.123329877853
2,109,200,200,8.32e-05,0.0332,0.0133,0.127,28.921831607818604,101800,8380.045161485672
2,110,200,200,8.29e-05,0.033,0.0132,0.127,29.002723217010498,102000,8409.047884702682
2,111,200,200,8.26e-05,0.0327,0.0132,0.127,28.809966564178467,102200,8437.857851266861
2,112,200,200,8.24e-05,0.0337,0.0136,0.13,29.127232551574707,102400,8466.985083818436
2,113,200,200,8.21e-05,0.0329,0.0134,0.126,28.960335731506348,102600,8495.945419549942
2,114,200,200,8.18e-05,0.0331,0.0134,0.127,28.99828028678894,102800,8524.943699836731
2,115,200,200,8.14e-05,0.0336,0.0135,0.128,28.948835134506226,103000,8553.892534971237
2,116,200,200,8.11e-05,0.034,0.0136,0.131,29.138081550598145,103200,8583.030616521835
2,117,200,200,8.08e-05,0.0333,0.0134,0.129,28.990018367767334,103400,8612.020634889603
2,118,200,200,8.05e-05,0.0334,0.0134,0.127,29.034132480621338,103600,8641.054767370224
2,119,200,200,8.02e-05,0.0316,0.0127,0.123,29.03481650352478,103800,8670.089583873749
2,120,200,200,7.99e-05,0.0321,0.0129,0.123,29.116541862487793,104000,8699.206125736237
2,121,200,200,7.96e-05,0.0334,0.0134,0.127,28.909651041030884,104200,8728.115776777267
2,122,200,200,7.93e-05,0.0329,0.0132,0.126,29.072633266448975,104400,8757.188410043716
2,123,200,200,7.9e-05,0.0328,0.0131,0.126,28.937813997268677,104600,8786.126224040985
2,124,200,200,7.86e-05,0.0336,0.0135,0.129,29.181706190109253,104800,8815.307930231094
2,125,200,200,7.83e-05,0.0323,0.013,0.124,28.94079279899597,105000,8844.24872303009
2,126,200,200,7.8e-05,0.0337,0.0135,0.131,28.931305646896362,105200,8873.180028676987
2,127,200,200,7.77e-05,0.0325,0.0129,0.125,28.90522575378418,105400,8902.08525443077
2,128,200,200,7.74e-05,0.0333,0.0134,0.126,28.988817930221558,105600,8931.074072360992
2,129,200,200,7.7e-05,0.0329,0.0132,0.125,28.927017211914062,105800,8960.001089572906
2,130,200,200,7.67e-05,0.0338,0.0136,0.129,29.02250337600708,106000,8989.023592948914
2,131,200,200,7.64e-05,0.033,0.0133,0.126,29.088672876358032,106200,9018.112265825272
2,132,200,200,7.6e-05,0.0326,0.0131,0.126,29.15226459503174,106400,9047.264530420303
2,133,200,200,7.57e-05,0.0322,0.0131,0.124,29.36215305328369,106600,9076.626683473587
2,134,200,200,7.54e-05,0.0327,0.0132,0.125,28.84688639640808,106800,9105.473569869995
2,135,200,200,7.5e-05,0.0327,0.0131,0.125,28.960219621658325,107000,9134.433789491653
2,136,200,200,7.47e-05,0.0333,0.0136,0.128,28.965611457824707,107200,9163.399400949478
2,137,200,200,7.43e-05,0.0323,0.0131,0.126,28.989010095596313,107400,9192.388411045074
2,138,200,200,7.4e-05,0.0326,0.013,0.124,29.115306854248047,107600,9221.503717899323
2,139,200,200,7.37e-05,0.0324,0.0131,0.124,28.992510318756104,107800,9250.496228218079
2,140,200,200,7.33e-05,0.0338,0.0137,0.129,29.00834846496582,108000,9279.504576683044
2,141,200,200,7.3e-05,0.0321,0.0129,0.122,29.075852632522583,108200,9308.580429315567
2,142,200,200,7.26e-05,0.0327,0.0133,0.124,29.11090397834778,108400,9337.691333293915
2,143,200,200,7.23e-05,0.0319,0.013,0.124,28.863133192062378,108600,9366.554466485977
2,144,200,200,7.19e-05,0.0326,0.0132,0.126,29.07595157623291,108800,9395.63041806221
2,145,200,200,7.16e-05,0.0335,0.0135,0.127,28.984537363052368,109000,9424.614955425262
2,146,200,200,7.12e-05,0.032,0.0128,0.122,28.88407015800476,109200,9453.499025583267
2,147,200,200,7.09e-05,0.0322,0.013,0.125,29.065539121627808,109400,9482.564564704895
2,148,200,200,7.05e-05,0.0325,0.0129,0.123,29.08906078338623,109600,9511.653625488281
2,149,200,200,7.02e-05,0.0329,0.0133,0.125,29.100026607513428,109800,9540.753652095795
2,150,200,200,6.98e-05,0.0333,0.0135,0.126,29.069219827651978,110000,9569.822871923447
2,151,200,200,6.94e-05,0.0327,0.0132,0.124,28.877081394195557,110200,9598.699953317642
2,152,200,200,6.91e-05,0.0318,0.013,0.126,28.898409128189087,110400,9627.598362445831
2,153,200,200,6.87e-05,0.0324,0.0132,0.125,29.230329990386963,110600,9656.828692436218
2,154,200,200,6.84e-05,0.032,0.0129,0.123,29.15027904510498,110800,9685.978971481323
2,155,200,200,6.8e-05,0.0317,0.0128,0.121,29.19379162788391,111000,9715.172763109207
2,156,200,200,6.76e-05,0.0317,0.0127,0.122,29.057984352111816,111200,9744.230747461319
2,157,200,200,6.73e-05,0.0318,0.0129,0.123,29.165539741516113,111400,9773.396287202835
2,158,200,200,6.69e-05,0.0329,0.0133,0.124,29.10667109489441,111600,9802.50295829773
2,159,200,200,6.65e-05,0.0316,0.0127,0.122,29.278458833694458,111800,9831.781417131424
2,160,200,200,6.62e-05,0.0321,0.0129,0.123,29.238799333572388,112000,9861.020216464996
2,161,200,200,6.58e-05,0.0319,0.0129,0.123,29.22887635231018,112200,9890.249092817307
2,162,200,200,6.54e-05,0.0331,0.0133,0.127,29.30651617050171,112400,9919.555608987808
2,163,200,200,6.51e-05,0.0317,0.0129,0.122,29.149559020996094,112600,9948.705168008804
2,164,200,200,6.47e-05,0.0325,0.0131,0.124,29.21377396583557,112800,9977.91894197464
2,165,200,200,6.43e-05,0.0318,0.0129,0.121,28.904263734817505,113000,10006.823205709457
2,166,200,200,6.39e-05,0.0311,0.0126,0.119,29.013545274734497,113200,10035.836750984192
2,167,200,200,6.36e-05,0.0324,0.0131,0.123,28.938213109970093,113400,10064.774964094162
2,168,200,200,6.32e-05,0.032,0.0131,0.121,28.991541147232056,113600,10093.766505241394
2,169,200,200,6.28e-05,0.0316,0.0129,0.122,29.22885036468506,113800,10122.99535560608
2,170,200,200,6.24e-05,0.0324,0.013,0.123,29.30358862876892,114000,10152.298944234848
2,171,200,200,6.21e-05,0.0325,0.0131,0.122,29.08097505569458,114200,10181.379919290543
2,172,200,200,6.17e-05,0.0318,0.0128,0.121,29.071722984313965,114400,10210.451642274857
2,173,200,200,6.13e-05,0.0328,0.0133,0.125,29.164069414138794,114600,10239.615711688995
2,174,200,200,6.09e-05,0.0324,0.0131,0.123,29.184285879135132,114800,10268.79999756813
2,175,200,200,6.05e-05,0.0314,0.0126,0.12,29.071930170059204,115000,10297.87192773819
2,176,200,200,6.02e-05,0.0319,0.0131,0.122,29.136576652526855,115200,10327.008504390717
2,177,200,200,5.98e-05,0.0329,0.0132,0.123,29.00990629196167,115400,10356.018410682678
2,178,200,200,5.94e-05,0.0322,0.0128,0.121,29.088810205459595,115600,10385.107220888138
2,179,200,200,5.9e-05,0.0331,0.0134,0.126,28.970701932907104,115800,10414.077922821045
2,180,200,200,5.86e-05,0.0309,0.0126,0.118,28.88995122909546,116000,10442.96787405014
2,181,200,200,5.82e-05,0.0315,0.0127,0.119,29.040640830993652,116200,10472.008514881134
2,182,200,200,5.79e-05,0.0325,0.0133,0.124,29.163878679275513,116400,10501.17239356041
2,183,200,200,5.75e-05,0.0307,0.0125,0.12,29.003936052322388,116600,10530.176329612732
2,184,200,200,5.71e-05,0.032,0.013,0.121,29.05850076675415,116800,10559.234830379486
2,185,200,200,5.67e-05,0.032,0.0129,0.123,29.103455305099487,117000,10588.338285684586
2,186,200,200,5.63e-05,0.0327,0.0134,0.124,29.1299090385437,117200,10617.46819472313
2,187,200,200,5.59e-05,0.0319,0.0129,0.122,29.244606494903564,117400,10646.712801218033
2,188,200,200,5.55e-05,0.0327,0.0133,0.124,29.00242829322815,117600,10675.715229511261
2,189,200,200,5.52e-05,0.03,0.0121,0.115,29.112699508666992,117800,10704.827929019928
2,190,200,200,5.48e-05,0.0319,0.0129,0.123,29.060770273208618,118000,10733.888699293137
2,191,200,200,5.44e-05,0.032,0.013,0.121,29.115657806396484,118200,10763.004357099533
2,192,200,200,5.4e-05,0.0323,0.0131,0.124,29.07761287689209,118400,10792.081969976425
2,193,200,200,5.36e-05,0.0316,0.0129,0.121,28.919903993606567,118600,10821.001873970032
2,194,200,200,5.32e-05,0.0322,0.0129,0.122,29.151264190673828,118800,10850.153138160706
2,195,200,200,5.28e-05,0.0319,0.0129,0.122,29.127267360687256,119000,10879.280405521393
2,196,200,200,5.24e-05,0.0324,0.0131,0.121,28.998749256134033,119200,10908.279154777527
2,197,200,200,5.21e-05,0.0316,0.0128,0.121,29.033933877944946,119400,10937.313088655472
2,198,200,200,5.17e-05,0.0312,0.0126,0.118,29.081666231155396,119600,10966.394754886627
2,199,200,200,5.13e-05,0.0312,0.0126,0.119,29.010554552078247,119800,10995.405309438705
2,200,200,200,5.09e-05,0.0309,0.0124,0.119,29.096184730529785,120000,11024.501494169235
2,201,200,200,5.05e-05,0.0314,0.0127,0.12,28.983784914016724,120200,11053.485279083252
2,202,200,200,5.01e-05,0.0309,0.0125,0.119,29.085747241973877,120400,11082.571026325226
2,203,200,200,4.97e-05,0.031,0.0125,0.118,29.112183809280396,120600,11111.683210134506
2,204,200,200,4.93e-05,0.0313,0.0127,0.118,29.197097778320312,120800,11140.880307912827
2,205,200,200,4.89e-05,0.0316,0.0129,0.121,29.119428396224976,121000,11169.999736309052
2,206,200,200,4.86e-05,0.0325,0.0133,0.124,29.129082679748535,121200,11199.1288189888
2,207,200,200,4.82e-05,0.0306,0.0124,0.118,29.237810373306274,121400,11228.366629362106
2,208,200,200,4.78e-05,0.0299,0.012,0.116,29.139997005462646,121600,11257.506626367569
2,209,200,200,4.74e-05,0.0319,0.0128,0.121,29.325765371322632,121800,11286.832391738892
2,210,200,200,4.7e-05,0.031,0.0126,0.118,29.282297134399414,122000,11316.114688873291
2,211,200,200,4.66e-05,0.0315,0.0127,0.119,29.127994537353516,122200,11345.242683410645
2,212,200,200,4.62e-05,0.0318,0.0128,0.12,29.059803247451782,122400,11374.302486658096
2,213,200,200,4.58e-05,0.0315,0.0126,0.121,29.146236896514893,122600,11403.448723554611
2,214,200,200,4.55e-05,0.0316,0.0128,0.12,29.015216827392578,122800,11432.463940382004
2,215,200,200,4.51e-05,0.0324,0.0132,0.122,28.91945719718933,123000,11461.383397579193
2,216,200,200,4.47e-05,0.0317,0.0129,0.12,29.15092182159424,123200,11490.534319400787
2,217,200,200,4.43e-05,0.0312,0.0125,0.118,29.126282453536987,123400,11519.660601854324
2,218,200,200,4.39e-05,0.0311,0.0125,0.119,29.02291464805603,123600,11548.68351650238
2,219,200,200,4.35e-05,0.031,0.0124,0.117,29.05217480659485,123800,11577.735691308975
2,220,200,200,4.31e-05,0.0307,0.0124,0.117,29.11744499206543,124000,11606.85313630104
2,221,200,200,4.28e-05,0.0313,0.0128,0.12,28.945573806762695,124200,11635.798710107803
2,222,200,200,4.24e-05,0.0304,0.0124,0.116,29.036962270736694,124400,11664.83567237854
2,223,200,200,4.2e-05,0.032,0.0129,0.122,29.15401005744934,124600,11693.98968243599
2,224,200,200,4.16e-05,0.0308,0.0124,0.118,29.008253812789917,124800,11722.99793624878
2,225,200,200,4.12e-05,0.0309,0.0126,0.116,29.0395770072937,125000,11752.037513256073
2,226,200,200,4.08e-05,0.0305,0.0123,0.117,29.167876482009888,125200,11781.205389738083
2,227,200,200,4.05e-05,0.0317,0.0128,0.118,29.05486273765564,125400,11810.260252475739
2,228,200,200,4.01e-05,0.0309,0.0125,0.117,29.092679023742676,125600,11839.352931499481
2,229,200,200,3.97e-05,0.0308,0.0124,0.118,29.152124404907227,125800,11868.505055904388
2,230,200,200,3.93e-05,0.0324,0.0131,0.124,28.945244073867798,126000,11897.450299978256
2,231,200,200,3.89e-05,0.0325,0.0131,0.121,28.908002138137817,126200,11926.358302116394
2,232,200,200,3.86e-05,0.032,0.0129,0.121,28.999373197555542,126400,11955.35767531395
2,233,200,200,3.82e-05,0.0317,0.0127,0.118,28.766629695892334,126600,11984.124305009842
2,234,200,200,3.78e-05,0.0312,0.0128,0.119,29.04393434524536,126800,12013.168239355087
2,235,200,200,3.74e-05,0.0305,0.0123,0.116,28.8882098197937,127000,12042.056449174881
2,236,200,200,3.71e-05,0.0314,0.0127,0.12,29.014888763427734,127200,12071.071337938309
2,237,200,200,3.67e-05,0.0301,0.0123,0.116,29.145191192626953,127400,12100.216529130936
2,238,200,200,3.63e-05,0.032,0.013,0.122,29.154618978500366,127600,12129.371148109436
2,239,200,200,3.59e-05,0.0301,0.0121,0.115,29.09019112586975,127800,12158.461339235306
2,240,200,200,3.56e-05,0.03,0.0122,0.115,29.20926809310913,128000,12187.670607328415
2,241,200,200,3.52e-05,0.0314,0.0127,0.119,28.939926147460938,128200,12216.610533475876
2,242,200,200,3.48e-05,0.0308,0.0126,0.116,29.098859786987305,128400,12245.709393262863
2,243,200,200,3.45e-05,0.0306,0.0124,0.117,29.16523504257202,128600,12274.874628305435
2,244,200,200,3.41e-05,0.0313,0.0126,0.119,29.25132393836975,128800,12304.125952243805
2,245,200,200,3.37e-05,0.0319,0.0129,0.12,28.901377201080322,129000,12333.027329444885
2,246,200,200,3.34e-05,0.0311,0.0128,0.12,28.88140869140625,129200,12361.908738136292
2,247,200,200,3.3e-05,0.0305,0.0122,0.114,28.980900049209595,129400,12390.889638185501
2,248,200,200,3.26e-05,0.0315,0.0128,0.119,29.03256869316101,129600,12419.922206878662
2,249,200,200,3.23e-05,0.0309,0.0125,0.118,29.00752854347229,129800,12448.929735422134
2,250,200,200,3.19e-05,0.031,0.0125,0.118,28.954001426696777,130000,12477.883736848831
2,251,200,200,3.16e-05,0.0312,0.0127,0.118,28.938092947006226,130200,12506.821829795837
2,252,200,200,3.12e-05,0.0324,0.013,0.121,28.96486234664917,130400,12535.786692142487
2,253,200,200,3.08e-05,0.0305,0.0123,0.115,29.028939723968506,130600,12564.815631866455
2,254,200,200,3.05e-05,0.0302,0.0123,0.116,29.135032176971436,130800,12593.950664043427
2,255,200,200,3.01e-05,0.0325,0.0132,0.122,29.01126766204834,131000,12622.961931705475
2,256,200,200,2.98e-05,0.0323,0.013,0.12,28.96634531021118,131200,12651.928277015686
2,257,200,200,2.94e-05,0.0316,0.0128,0.119,29.24328851699829,131400,12681.171565532684
2,258,200,200,2.91e-05,0.032,0.013,0.122,29.07033896446228,131600,12710.241904497147
2,259,200,200,2.87e-05,0.0318,0.0129,0.12,29.117835998535156,131800,12739.359740495682
2,260,200,200,2.84e-05,0.0314,0.0127,0.119,29.283498764038086,132000,12768.64323925972
2,261,200,200,2.8e-05,0.0309,0.0124,0.117,28.981586456298828,132200,12797.624825716019
2,262,200,200,2.77e-05,0.0305,0.0123,0.115,28.982173681259155,132400,12826.606999397278
2,263,200,200,2.73e-05,0.0314,0.0128,0.119,29.13248109817505,132600,12855.739480495453
2,264,200,200,2.7e-05,0.031,0.0127,0.119,29.186031341552734,132800,12884.925511837006
2,265,200,200,2.67e-05,0.0308,0.0125,0.118,28.994877576828003,133000,12913.920389413834
2,266,200,200,2.63e-05,0.0314,0.0128,0.119,29.100430727005005,133200,12943.020820140839
2,267,200,200,2.6e-05,0.0317,0.0128,0.118,29.050700664520264,133400,12972.071520805359
2,268,200,200,2.56e-05,0.0299,0.012,0.114,29.024946689605713,133600,13001.096467494965
2,269,200,200,2.53e-05,0.0312,0.0126,0.117,29.118786811828613,133800,13030.215254306793
2,270,200,200,2.5e-05,0.0304,0.0123,0.116,28.950637578964233,134000,13059.165891885757
2,271,200,200,2.46e-05,0.0312,0.0127,0.117,29.13003659248352,134200,13088.295928478241
2,272,200,200,2.43e-05,0.0303,0.0122,0.115,29.066784620285034,134400,13117.362713098526
2,273,200,200,2.4e-05,0.0304,0.0124,0.117,29.075710773468018,134600,13146.438423871994
2,274,200,200,2.36e-05,0.0301,0.0123,0.114,29.110272884368896,134800,13175.548696756363
2,275,200,200,2.33e-05,0.0302,0.0122,0.114,29.015087127685547,135000,13204.563783884048
2,276,200,200,2.3e-05,0.0305,0.0124,0.116,28.92125630378723,135200,13233.485040187836
2,277,200,200,2.27e-05,0.0309,0.0125,0.117,29.093739986419678,135400,13262.578780174255
2,278,200,200,2.24e-05,0.0309,0.0126,0.119,29.199202299118042,135600,13291.777982473373
2,279,200,200,2.2e-05,0.0307,0.0124,0.117,29.146387577056885,135800,13320.92437005043
2,280,200,200,2.17e-05,0.0309,0.0124,0.117,29.43959379196167,136000,13350.363963842392
2,281,200,200,2.14e-05,0.0304,0.0124,0.115,29.05409264564514,136200,13379.418056488037
2,282,200,200,2.11e-05,0.0308,0.0126,0.117,29.123865127563477,136400,13408.5419216156
2,283,200,200,2.08e-05,0.0294,0.0119,0.113,29.10721516609192,136600,13437.649136781693
2,284,200,200,2.05e-05,0.0304,0.0124,0.116,29.033560276031494,136800,13466.682697057724
2,285,200,200,2.02e-05,0.0308,0.0125,0.12,28.938789129257202,137000,13495.621486186981
2,286,200,200,1.99e-05,0.0304,0.0122,0.114,29.049171686172485,137200,13524.670657873154
2,287,200,200,1.96e-05,0.0304,0.0124,0.117,29.287078380584717,137400,13553.957736253738
2,288,200,200,1.92e-05,0.0297,0.0119,0.114,29.203312873840332,137600,13583.161049127579
2,289,200,200,1.89e-05,0.0315,0.0129,0.118,29.108004570007324,137800,13612.269053697586
2,290,200,200,1.86e-05,0.0304,0.0123,0.118,29.14600968360901,138000,13641.415063381195
2,291,200,200,1.84e-05,0.0311,0.0126,0.117,29.070013761520386,138200,13670.485077142715
2,292,200,200,1.81e-05,0.0306,0.0123,0.115,29.090211868286133,138400,13699.575289011002
2,293,200,200,1.78e-05,0.0307,0.0124,0.116,29.062884092330933,138600,13728.638173103333
2,294,200,200,1.75e-05,0.0315,0.0128,0.118,29.26047706604004,138800,13757.898650169373
2,295,200,200,1.72e-05,0.0315,0.0128,0.119,29.06491255760193,139000,13786.963562726974
2,296,200,200,1.69e-05,0.0303,0.0122,0.115,29.057187795639038,139200,13816.020750522614
2,297,200,200,1.66e-05,0.0299,0.0121,0.114,29.213507890701294,139400,13845.234258413315
2,298,200,200,1.63e-05,0.0311,0.0126,0.118,29.04032874107361,139600,13874.274587154388
2,299,200,200,1.61e-05,0.0316,0.0128,0.118,28.969085693359375,139800,13903.243672847748
2,300,200,200,1.58e-05,0.0306,0.0125,0.116,29.019606590270996,140000,13932.263279438019
2,301,200,200,1.55e-05,0.0315,0.0129,0.118,29.153886795043945,140200,13961.417166233063
2,302,200,200,1.52e-05,0.03,0.0122,0.114,29.138151168823242,140400,13990.555317401886
2,303,200,200,1.5e-05,0.031,0.0125,0.117,28.867599725723267,140600,14019.42291712761
2,304,200,200,1.47e-05,0.0303,0.0123,0.116,29.088064908981323,140800,14048.51098203659
2,305,200,200,1.44e-05,0.0315,0.0128,0.119,29.077189207077026,141000,14077.588171243668
2,306,200,200,1.42e-05,0.0316,0.0128,0.121,28.907625913619995,141200,14106.495797157288
2,307,200,200,1.39e-05,0.0299,0.0121,0.113,28.996880292892456,141400,14135.49267745018
2,308,200,200,1.36e-05,0.0312,0.0128,0.118,29.223500728607178,141600,14164.716178178787
2,309,200,200,1.34e-05,0.0308,0.0126,0.116,29.171428442001343,141800,14193.887606620789
2,310,200,200,1.31e-05,0.031,0.0127,0.117,29.25838828086853,142000,14223.145994901657
2,311,200,200,1.29e-05,0.0301,0.0122,0.113,29.287973642349243,142200,14252.433968544006
2,312,200,200,1.26e-05,0.0297,0.0121,0.113,29.00266432762146,142400,14281.436632871628
2,313,200,200,1.24e-05,0.0307,0.0123,0.116,29.049104928970337,142600,14310.485737800598
2,314,200,200,1.21e-05,0.0308,0.0125,0.116,28.987430572509766,142800,14339.473168373108
2,315,200,200,1.19e-05,0.0307,0.0122,0.114,28.93650221824646,143000,14368.409670591354
2,316,200,200,1.16e-05,0.0305,0.0124,0.115,29.11181354522705,143200,14397.521484136581
2,317,200,200,1.14e-05,0.031,0.0126,0.116,29.248899221420288,143400,14426.770383358002
2,318,200,200,1.12e-05,0.0307,0.0126,0.117,28.893942832946777,143600,14455.664326190948
2,319,200,200,1.09e-05,0.0311,0.0125,0.117,28.94684624671936,143800,14484.611172437668
2,320,200,200,1.07e-05,0.0306,0.0124,0.117,28.979055643081665,144000,14513.59022808075
2,321,200,200,1.05e-05,0.0302,0.0124,0.115,29.0483820438385,144200,14542.638610124588
2,322,200,200,1.02e-05,0.0301,0.0122,0.113,29.268274068832397,144400,14571.90688419342
2,323,200,200,1e-05,0.0312,0.0127,0.119,29.131551504135132,144600,14601.038435697556
2,324,200,200,9.78e-06,0.0317,0.0128,0.118,28.91592311859131,144800,14629.954358816147
2,325,200,200,9.56e-06,0.0301,0.0124,0.115,28.93559980392456,145000,14658.889958620071
2,326,200,200,9.34e-06,0.0306,0.0124,0.115,29.05647563934326,145200,14687.946434259415
2,327,200,200,9.13e-06,0.0307,0.0125,0.116,29.003784656524658,145400,14716.95021891594
2,328,200,200,8.92e-06,0.0304,0.0123,0.115,29.146098613739014,145600,14746.096317529678
2,329,200,200,8.71e-06,0.0308,0.0125,0.117,29.065593004226685,145800,14775.161910533905
2,330,200,200,8.5e-06,0.0313,0.0128,0.118,29.231003284454346,146000,14804.39291381836
2,331,200,200,8.29e-06,0.0303,0.0123,0.116,29.20404362678528,146200,14833.596957445145
2,332,200,200,8.09e-06,0.0302,0.0123,0.113,29.07886576652527,146400,14862.67582321167
2,333,200,200,7.89e-06,0.0307,0.0123,0.115,28.932526350021362,146600,14891.608349561691
2,334,200,200,7.7e-06,0.03,0.0121,0.113,28.796215057373047,146800,14920.404564619064
2,335,200,200,7.5e-06,0.0294,0.0119,0.111,29.040391445159912,147000,14949.444956064224
2,336,200,200,7.31e-06,0.0304,0.0123,0.116,29.14441680908203,147200,14978.589372873306
2,337,200,200,7.12e-06,0.0303,0.0124,0.114,29.15247678756714,147400,15007.741849660873
2,338,200,200,6.94e-06,0.0296,0.0119,0.112,29.060955047607422,147600,15036.80280470848
2,339,200,200,6.75e-06,0.03,0.0121,0.112,29.06130886077881,147800,15065.86411356926
2,340,200,200,6.57e-06,0.0298,0.0122,0.112,29.17896318435669,148000,15095.043076753616
2,341,200,200,6.4e-06,0.0298,0.0122,0.114,29.051008939743042,148200,15124.09408569336
2,342,200,200,6.22e-06,0.0302,0.0123,0.115,29.065706968307495,148400,15153.159792661667
2,343,200,200,6.05e-06,0.0303,0.0123,0.116,29.05811381340027,148600,15182.217906475067
2,344,200,200,5.88e-06,0.0305,0.0124,0.115,29.187612771987915,148800,15211.405519247055
2,345,200,200,5.71e-06,0.0297,0.0121,0.112,29.20559787750244,149000,15240.611117124557
2,346,200,200,5.55e-06,0.0306,0.0126,0.117,29.157702207565308,149200,15269.768819332123
2,347,200,200,5.39e-06,0.0302,0.0122,0.116,29.257099628448486,149400,15299.025918960571
2,348,200,200,5.23e-06,0.0313,0.0128,0.119,28.99209475517273,149600,15328.018013715744
2,349,200,200,5.07e-06,0.0302,0.0123,0.115,29.014631509780884,149800,15357.032645225525
2,350,200,200,4.92e-06,0.0304,0.0124,0.114,28.95131230354309,150000,15385.983957529068
2,351,200,200,4.77e-06,0.031,0.0127,0.117,28.821621656417847,150200,15414.805579185486
2,352,200,200,4.62e-06,0.0294,0.0119,0.111,28.97022271156311,150400,15443.775801897049
2,353,200,200,4.48e-06,0.0302,0.0124,0.114,29.07449460029602,150600,15472.850296497345
2,354,200,200,4.33e-06,0.0302,0.0122,0.114,29.14267587661743,150800,15501.992972373962
2,355,200,200,4.2e-06,0.03,0.0121,0.113,28.854233741760254,151000,15530.847206115723
2,356,200,200,4.06e-06,0.031,0.0124,0.116,28.933077812194824,151200,15559.780283927917
2,357,200,200,3.93e-06,0.0301,0.0122,0.112,29.0061457157135,151400,15588.786429643631
2,358,200,200,3.8e-06,0.0304,0.0125,0.117,28.97679829597473,151600,15617.763227939606
2,359,200,200,3.67e-06,0.0306,0.0125,0.115,29.114577054977417,151800,15646.877804994583
2,360,200,200,3.54e-06,0.0314,0.0127,0.118,28.910107612609863,152000,15675.787912607193
2,361,200,200,3.42e-06,0.0306,0.0126,0.116,28.953287839889526,152200,15704.741200447083
2,362,200,200,3.3e-06,0.0302,0.0123,0.115,29.181533098220825,152400,15733.922733545303
2,363,200,200,3.19e-06,0.0298,0.012,0.113,29.09825110435486,152600,15763.020984649658
2,364,200,200,3.08e-06,0.0303,0.0125,0.115,28.897290229797363,152800,15791.918274879456
2,365,200,200,2.97e-06,0.0304,0.0123,0.115,29.08147382736206,153000,15820.999748706818
2,366,200,200,2.86e-06,0.0314,0.0128,0.119,28.8622465133667,153200,15849.861995220184
2,367,200,200,2.75e-06,0.0293,0.0119,0.112,28.923279285430908,153400,15878.785274505615
2,368,200,200,2.65e-06,0.0305,0.0121,0.115,29.1309072971344,153600,15907.91618180275
2,369,200,200,2.56e-06,0.0303,0.0123,0.113,29.10202646255493,153800,15937.018208265305
2,370,200,200,2.46e-06,0.0295,0.012,0.111,29.008920192718506,154000,15966.027128458023
2,371,200,200,2.37e-06,0.0301,0.0122,0.114,28.97989773750305,154200,15995.007026195526
2,372,200,200,2.28e-06,0.0298,0.012,0.113,29.24252152442932,154400,16024.249547719955
2,373,200,200,2.19e-06,0.03,0.0123,0.115,29.05000591278076,154600,16053.299553632736
2,374,200,200,2.11e-06,0.03,0.0121,0.113,29.10582995414734,154800,16082.405383586884
2,375,200,200,2.03e-06,0.0301,0.0124,0.113,28.99760913848877,155000,16111.402992725372
2,376,200,200,1.95e-06,0.0299,0.0122,0.113,29.00964903831482,155200,16140.412641763687
2,377,200,200,1.88e-06,0.03,0.0122,0.113,29.04004192352295,155400,16169.45268368721
2,378,200,200,1.81e-06,0.0301,0.0122,0.116,28.972877264022827,155600,16198.425560951233
2,379,200,200,1.74e-06,0.0305,0.0124,0.115,28.863550186157227,155800,16227.28911113739
2,380,200,200,1.67e-06,0.0309,0.0125,0.117,28.96321201324463,156000,16256.252323150635
2,381,200,200,1.61e-06,0.0302,0.0122,0.115,28.947248220443726,156200,16285.199571371078
2,382,200,200,1.55e-06,0.0303,0.0124,0.115,28.93143892288208,156400,16314.13101029396
2,383,200,200,1.49e-06,0.0307,0.0124,0.116,29.042434215545654,156600,16343.173444509506
2,384,200,200,1.44e-06,0.031,0.0127,0.117,28.998292446136475,156800,16372.171736955643
2,385,200,200,1.39e-06,0.0306,0.0124,0.118,29.068883657455444,157000,16401.240620613098
2,386,200,200,1.34e-06,0.032,0.0128,0.12,29.082714080810547,157200,16430.32333469391
2,387,200,200,1.3e-06,0.0299,0.0122,0.113,28.851844787597656,157400,16459.175179481506
2,388,200,200,1.26e-06,0.0304,0.0124,0.115,29.025535821914673,157600,16488.20071530342
2,389,200,200,1.22e-06,0.0306,0.0125,0.116,29.22066020965576,157800,16517.421375513077
2,390,200,200,1.18e-06,0.0308,0.0127,0.116,29.226118326187134,158000,16546.647493839264
2,391,200,200,1.15e-06,0.0303,0.0124,0.114,29.275948762893677,158200,16575.923442602158
2,392,200,200,1.12e-06,0.0301,0.0123,0.116,29.06819772720337,158400,16604.99164032936
2,393,200,200,1.1e-06,0.0299,0.0122,0.114,29.035388946533203,158600,16634.027029275894
2,394,200,200,1.07e-06,0.0311,0.0126,0.116,29.099197387695312,158800,16663.12622666359
2,395,200,200,1.05e-06,0.0314,0.0129,0.118,28.976000547409058,159000,16692.102227211
2,396,200,200,1.04e-06,0.0306,0.0125,0.116,29.095436334609985,159200,16721.19766354561
2,397,200,200,1.02e-06,0.0301,0.0123,0.113,29.37826371192932,159400,16750.575927257538
2,398,200,200,1.01e-06,0.0313,0.0126,0.116,29.201799631118774,159600,16779.777726888657
2,399,200,200,1.01e-06,0.03,0.0123,0.114,29.171242237091064,159800,16808.948969125748
2,400,200,200,1e-06,0.0298,0.0121,0.112,28.9913809299469,160000,16837.940350055695
